Timestamp,Packet Length,Protocol,Gap,Label
1769957206.473792,66,1,0,0
1769957206.47388,54,1,0,0
1769957207.09548,66,1,0,0
1769957207.392817,93,1,0,0
1769957207.392817,78,1,0,0
1769957207.392817,54,1,0,0
1769957207.392929,54,1,0,0
1769957207.413611,66,1,0,0
1769957207.413704,54,1,0,0
1769957207.420139,502,1,0,0
1769957207.729242,1406,1,0,0
1769957207.729242,1406,1,0,0
1769957207.729242,1406,1,0,0
1769957207.729242,1406,1,0,0
1769957207.729242,1406,1,0,0
1769957207.729242,1406,1,0,0
1769957207.729242,1080,1,0,0
1769957207.729396,54,1,0,0
1769957207.752114,134,1,0,0
1769957207.752695,1394,1,0,0
1769957207.752695,430,1,0,0
1769957208.219802,54,1,0,0
1769957208.219802,157,1,0,0
1769957208.219802,855,1,0,0
1769957208.219919,54,1,0,0
1769957208.231717,105,2,0,0
1769957208.263159,161,2,0,0
1769957208.264437,66,1,0,0
1769957208.546957,66,1,0,0
1769957208.547098,54,1,0,0
1769957208.553108,531,1,0,0
1769957208.673578,54,1,0,0
1769957208.711294,54,1,0,0
1769957208.935208,1506,1,0,0
1769957208.935208,1506,1,0,0
1769957208.935208,1506,1,0,0
1769957208.935208,1506,1,0,0
1769957208.935208,1506,1,0,0
1769957208.935208,407,1,0,0
1769957208.935361,54,1,0,0
1769957208.954411,134,1,0,0
1769957208.954842,764,1,0,0
1769957208.955061,1494,1,0,0
1769957208.955061,523,1,0,0
1769957209.239314,54,1,0,0
1769957209.239314,157,1,0,0
1769957209.239314,54,1,0,0
1769957209.245772,474,1,0,0
1769957209.245946,54,1,0,0
1769957209.251605,1394,1,0,0
1769957209.251605,430,1,0,0
1769957209.296482,54,1,0,0
1769957209.29665,54,1,0,0
1769957209.296978,78,1,0,0
1769957209.297074,54,1,0,0
1769957209.559934,78,1,0,0
1769957209.580867,54,1,0,0
1769957209.581172,857,1,0,0
1769957209.59749,105,2,0,0
1769957209.610281,54,1,0,0
1769957209.623051,54,1,0,0
1769957209.627346,161,2,0,0
1769957209.628518,66,1,0,0
1769957209.858308,55,1,0,0
1769957209.922949,66,1,0,0
1769957209.923108,54,1,0,0
1769957209.926119,66,1,0,0
1769957209.929304,531,1,0,0
1769957210.265726,55,1,0,0
1769957210.266366,1506,1,0,0
1769957210.266366,1506,1,0,0
1769957210.266366,1506,1,0,0
1769957210.266366,1506,1,0,0
1769957210.266366,1506,1,0,0
1769957210.266366,409,1,0,0
1769957210.266563,54,1,0,0
1769957210.286741,134,1,0,0
1769957210.286922,768,1,0,0
1769957210.287282,1494,1,0,0
1769957210.287282,1494,1,0,0
1769957210.287282,1494,1,0,0
1769957210.287282,1494,1,0,0
1769957210.287282,1494,1,0,0
1769957210.287282,1494,1,0,0
1769957210.287282,1494,1,0,0
1769957210.287282,1494,1,0,0
1769957210.287282,1494,1,0,0
1769957210.316556,66,1,0,0
1769957210.57225,54,1,0,0
1769957210.572347,1494,1,0,0
1769957210.573814,54,1,0,0
1769957210.573868,1494,1,0,0
1769957210.573868,1494,1,0,0
1769957210.573868,1494,1,0,0
1769957210.573868,1494,1,0,0
1769957210.574271,157,1,0,0
1769957210.574675,54,1,0,0
1769957210.574738,1494,1,0,0
1769957210.574738,1494,1,0,0
1769957210.574738,1494,1,0,0
1769957210.574738,1494,1,0,0
1769957210.576489,54,1,0,0
1769957210.576561,1494,1,0,0
1769957210.576561,1494,1,0,0
1769957210.576561,1494,1,0,0
1769957210.576561,1494,1,0,0
1769957210.576561,1494,1,0,0
1769957210.576561,1494,1,0,0
1769957210.576561,1494,1,0,0
1769957210.576561,1494,1,0,0
1769957210.613392,54,1,0,0
1769957210.61349,1494,1,0,0
1769957210.61349,1494,1,0,0
1769957210.856316,54,1,0,0
1769957210.856404,1494,1,0,0
1769957210.856404,1494,1,0,0
1769957210.857876,54,1,0,0
1769957210.857919,1494,1,0,0
1769957210.857919,1494,1,0,0
1769957210.857919,1494,1,0,0
1769957210.857919,1494,1,0,0
1769957210.857919,1494,1,0,0
1769957210.857919,1494,1,0,0
1769957210.86065,54,1,0,0
1769957210.86065,54,1,0,0
1769957210.86065,54,1,0,0
1769957210.86065,54,1,0,0
1769957210.86065,54,1,0,0
1769957210.860734,1494,1,0,0
1769957210.860734,1494,1,0,0
1769957210.860734,1494,1,0,0
1769957210.860734,1494,1,0,0
1769957210.860734,1494,1,0,0
1769957210.860734,1494,1,0,0
1769957210.860734,1494,1,0,0
1769957210.860734,1494,1,0,0
1769957210.860734,1494,1,0,0
1769957210.860734,1494,1,0,0
1769957210.860734,1494,1,0,0
1769957210.860734,1494,1,0,0
1769957210.860734,1494,1,0,0
1769957210.860734,1494,1,0,0
1769957210.860734,1494,1,0,0
1769957210.860734,1494,1,0,0
1769957210.860734,1494,1,0,0
1769957210.860734,1494,1,0,0
1769957210.860734,1494,1,0,0
1769957210.860734,1494,1,0,0
1769957210.860734,1494,1,0,0
1769957210.860734,1494,1,0,0
1769957210.860734,1494,1,0,0
1769957210.860734,1494,1,0,0
1769957210.860734,1494,1,0,0
1769957210.860734,1494,1,0,0
1769957210.896072,54,1,0,0
1769957210.896145,1494,1,0,0
1769957210.896145,1494,1,0,0
1769957210.937013,54,1,0,0
1769957210.937069,1494,1,0,0
1769957210.937069,1494,1,0,0
1769957211.140846,54,1,0,0
1769957211.140937,1494,1,0,0
1769957211.140937,1494,1,0,0
1769957211.140937,1494,1,0,0
1769957211.140937,1494,1,0,0
1769957211.14192,54,1,0,0
1769957211.14192,54,1,0,0
1769957211.142011,1494,1,0,0
1769957211.142011,1494,1,0,0
1769957211.142011,1494,1,0,0
1769957211.142011,1494,1,0,0
1769957211.142011,1494,1,0,0
1769957211.142011,1494,1,0,0
1769957211.142011,1494,1,0,0
1769957211.142011,1494,1,0,0
1769957211.142011,1494,1,0,0
1769957211.142011,1494,1,0,0
1769957211.142011,1494,1,0,0
1769957211.142011,1494,1,0,0
1769957211.147378,54,1,0,0
1769957211.147378,54,1,0,0
1769957211.147378,54,1,0,0
1769957211.147488,1494,1,0,0
1769957211.147488,1494,1,0,0
1769957211.147488,1494,1,0,0
1769957211.147488,1494,1,0,0
1769957211.147488,1494,1,0,0
1769957211.147488,1494,1,0,0
1769957211.147488,1494,1,0,0
1769957211.147488,1494,1,0,0
1769957211.147488,1494,1,0,0
1769957211.147488,1494,1,0,0
1769957211.147488,1494,1,0,0
1769957211.147488,1494,1,0,0
1769957211.147859,54,1,0,0
1769957211.147939,1494,1,0,0
1769957211.147939,1494,1,0,0
1769957211.147939,1494,1,0,0
1769957211.147939,1494,1,0,0
1769957211.147939,1494,1,0,0
1769957211.147939,1494,1,0,0
1769957211.153442,54,1,0,0
1769957211.153442,54,1,0,0
1769957211.153442,54,1,0,0
1769957211.153442,54,1,0,0
1769957211.153442,54,1,0,0
1769957211.153597,1494,1,0,0
1769957211.153597,1494,1,0,0
1769957211.153597,1494,1,0,0
1769957211.153597,1494,1,0,0
1769957211.153597,1494,1,0,0
1769957211.153597,1494,1,0,0
1769957211.153597,1494,1,0,0
1769957211.153597,1494,1,0,0
1769957211.153597,1494,1,0,0
1769957211.153597,1494,1,0,0
1769957211.153597,1494,1,0,0
1769957211.153597,1494,1,0,0
1769957211.153597,1494,1,0,0
1769957211.153597,1494,1,0,0
1769957211.153597,1494,1,0,0
1769957211.153597,1494,1,0,0
1769957211.153597,1494,1,0,0
1769957211.153597,1494,1,0,0
1769957211.153597,1494,1,0,0
1769957211.153597,1494,1,0,0
1769957211.153597,1494,1,0,0
1769957211.153597,1494,1,0,0
1769957211.153597,1494,1,0,0
1769957211.153597,1494,1,0,0
1769957211.153597,1494,1,0,0
1769957211.153597,1494,1,0,0
1769957211.153597,1494,1,0,0
1769957211.153597,1494,1,0,0
1769957211.153597,1494,1,0,0
1769957211.153597,1494,1,0,0
1769957211.153597,1494,1,0,0
1769957211.153597,1494,1,0,0
1769957211.153597,1494,1,0,0
1769957211.153597,1494,1,0,0
1769957211.179077,54,1,0,0
1769957211.179136,1494,1,0,0
1769957211.179136,1494,1,0,0
1769957211.179136,1494,1,0,0
1769957211.179136,1494,1,0,0
1769957211.220035,54,1,0,0
1769957211.220094,1494,1,0,0
1769957211.220094,1494,1,0,0
1769957211.220094,1494,1,0,0
1769957211.220094,1494,1,0,0
1769957211.424129,54,1,0,0
1769957211.424202,1494,1,0,0
1769957211.424202,1494,1,0,0
1769957211.424202,1494,1,0,0
1769957211.424202,1494,1,0,0
1769957211.424202,1494,1,0,0
1769957211.424202,1494,1,0,0
1769957211.424202,1494,1,0,0
1769957211.424202,1494,1,0,0
1769957211.424758,54,1,0,0
1769957211.424758,54,1,0,0
1769957211.424824,1494,1,0,0
1769957211.424824,1494,1,0,0
1769957211.424824,1494,1,0,0
1769957211.424824,1494,1,0,0
1769957211.424824,1494,1,0,0
1769957211.424824,1494,1,0,0
1769957211.424824,1494,1,0,0
1769957211.424824,1494,1,0,0
1769957211.426029,54,1,0,0
1769957211.426029,54,1,0,0
1769957211.426096,1494,1,0,0
1769957211.426096,1494,1,0,0
1769957211.426096,1494,1,0,0
1769957211.426096,1494,1,0,0
1769957211.426096,1494,1,0,0
1769957211.426096,1494,1,0,0
1769957211.426096,1494,1,0,0
1769957211.426096,1494,1,0,0
1769957211.426096,1494,1,0,0
1769957211.426096,1494,1,0,0
1769957211.426096,1494,1,0,0
1769957211.426096,1494,1,0,0
1769957211.426096,1494,1,0,0
1769957211.426096,1494,1,0,0
1769957211.426096,1494,1,0,0
1769957211.426096,1494,1,0,0
1769957211.430971,54,1,0,0
1769957211.430971,54,1,0,0
1769957211.431025,1494,1,0,0
1769957211.431025,1494,1,0,0
1769957211.431025,1494,1,0,0
1769957211.431025,1494,1,0,0
1769957211.431025,1494,1,0,0
1769957211.431025,1494,1,0,0
1769957211.431025,1494,1,0,0
1769957211.431025,1494,1,0,0
1769957211.431025,1325,1,0,0
1769957211.433586,54,1,0,0
1769957211.433586,54,1,0,0
1769957211.433586,54,1,0,0
1769957211.433586,54,1,0,0
1769957211.433586,54,1,0,0
1769957211.433657,1494,1,0,0
1769957211.433657,1494,1,0,0
1769957211.433657,1494,1,0,0
1769957211.433657,1494,1,0,0
1769957211.433657,1494,1,0,0
1769957211.433657,1494,1,0,0
1769957211.433657,1494,1,0,0
1769957211.433657,1287,1,0,0
1769957211.441814,54,1,0,0
1769957211.441814,54,1,0,0
1769957211.441814,54,1,0,0
1769957211.441814,54,1,0,0
1769957211.441814,54,1,0,0
1769957211.441814,54,1,0,0
1769957211.441814,54,1,0,0
1769957211.449167,54,1,0,0
1769957211.449167,54,1,0,0
1769957211.449167,54,1,0,0
1769957211.457004,54,1,0,0
1769957211.457004,54,1,0,0
1769957211.457004,54,1,0,0
1769957211.458605,54,1,0,0
1769957211.463312,54,1,0,0
1769957211.463312,54,1,0,0
1769957211.504629,54,1,0,0
1769957211.504629,54,1,0,0
1769957211.706983,54,1,0,0
1769957211.708375,54,1,0,0
1769957211.708375,54,1,0,0
1769957211.708375,54,1,0,0
1769957211.710533,54,1,0,0
1769957211.710533,54,1,0,0
1769957211.710533,54,1,0,0
1769957211.710533,54,1,0,0
1769957211.710533,54,1,0,0
1769957211.710533,54,1,0,0
1769957211.710533,54,1,0,0
1769957211.713189,54,1,0,0
1769957211.713672,54,1,0,0
1769957211.713672,54,1,0,0
1769957211.720325,54,1,0,0
1769957211.720325,54,1,0,0
1769957211.720325,54,1,0,0
1769957211.734651,474,1,0,0
1769957211.783993,54,1,0,0
1769957213.251359,55,1,0,0
1769957213.300385,66,1,0,0
1769957215.293753,55,1,0,0
1769957215.340782,66,1,0,0
1769957220.294572,78,1,0,0
1769957220.294922,82,1,0,0
1769957220.336501,54,1,0,0
1769957220.579721,236,1,0,0
1769957220.57983,455,1,0,0
1769957220.633622,54,1,0,0
1769957220.635812,54,1,0,0
1769957220.874401,135,1,0,0
1769957220.874825,93,1,0,0
1769957220.875036,54,1,0,0
1769957220.907472,54,1,0,0
1769957220.907472,54,1,0,0
1769957220.907576,54,1,0,0
1769957222.563133,92,2,0,0
1769957222.618643,212,2,0,0
1769957222.620049,66,1,0,0
1769957222.985257,66,1,0,0
1769957222.98546,54,1,0,0
1769957222.991326,613,1,0,0
1769957223.297877,1506,1,0,0
1769957223.297877,1506,1,0,0
1769957223.297982,54,1,0,0
1769957223.299922,1506,1,0,0
1769957223.299991,54,1,0,0
1769957223.30002,1506,1,0,0
1769957223.300037,54,1,0,0
1769957223.300049,610,1,0,0
1769957223.300065,54,1,0,0
1769957223.335946,134,1,0,0
1769957223.336242,1182,1,0,0
1769957223.336316,649,1,0,0
1769957223.687654,54,1,0,0
1769957223.687654,157,1,0,0
1769957223.687777,54,1,0,0
1769957223.794697,499,1,0,0
1769957223.794796,54,1,0,0
1769957225.330721,55,1,0,0
1769957225.387827,66,1,0,0
1769957227.069568,66,1,0,0
1769957227.471401,66,1,0,0
1769957227.4719,54,1,0,0
1769957227.472218,54,1,0,0
1769957227.619184,42,7,0,0
1769957227.619242,42,7,0,0
1769957227.653881,66,1,0,0
1769957227.687281,66,1,0,0
1769957227.687518,54,1,0,0
1769957227.688698,1466,1,0,0
1769957227.688698,176,1,0,0
1769957227.718423,54,1,0,0
1769957227.721266,1466,1,0,0
1769957227.721266,1466,1,0,0
1769957227.721266,1466,1,0,0
1769957227.721266,336,1,0,0
1769957227.721461,54,1,0,0
1769957227.733783,118,1,0,0
1769957227.733996,146,1,0,0
1769957227.734267,396,1,0,0
1769957227.76979,116,1,0,0
1769957227.76979,85,1,0,0
1769957227.769937,54,1,0,0
1769957227.770127,85,1,0,0
1769957227.814124,54,1,0,0
1769957228.012404,233,1,0,0
1769957228.013321,93,1,0,0
1769957228.013467,78,1,0,0
1769957228.013571,54,1,0,0
1769957228.0413,123,1,0,0
1769957228.045549,54,1,0,0
1769957228.045549,54,1,0,0
1769957228.045549,54,1,0,0
1769957228.045677,54,1,0,0
1769957228.07087,54,1,0,0
1769957228.310103,55,1,0,0
1769957228.331844,125,1,0,0
1769957228.361003,66,1,0,0
1769957228.373109,54,1,0,0
1769957228.435651,66,1,0,0
1769957228.435737,66,1,0,0
1769957228.74722,54,1,0,0
1769957229.015037,60,7,0,0
1769957229.015083,42,7,0,0
1769957229.08449,54,1,0,0
1769957229.084611,54,1,0,0
1769957230.348671,55,1,0,0
1769957230.397545,66,1,0,0
1769957232.702162,60,7,0,0
1769957232.702196,42,7,0,0
1769957234.48097,1292,2,0,0
1769957234.48107,1292,2,0,0
1769957234.518088,66,1,0,0
1769957234.551219,82,2,0,0
1769957234.551219,1292,2,0,0
1769957234.551219,1292,2,0,0
1769957234.551219,307,2,0,0
1769957234.556193,66,1,0,0
1769957234.556346,54,1,0,0
1769957234.556955,1466,1,0,0
1769957234.556955,176,1,0,0
1769957234.558608,1292,2,0,0
1769957234.559993,1292,2,0,0
1769957234.56007,1292,2,0,0
1769957234.560109,1292,2,0,0
1769957234.560273,121,2,0,0
1769957234.560686,1288,2,0,0
1769957234.560732,1292,2,0,0
1769957234.560783,491,2,0,0
1769957234.560814,139,2,0,0
1769957234.56102,188,2,0,0
1769957234.56118,187,2,0,0
1769957234.561304,186,2,0,0
1769957234.565085,131,2,0,0
1769957234.565456,116,2,0,0
1769957234.565554,71,2,0,0
1769957234.58819,54,1,0,0
1769957234.591743,1466,1,0,0
1769957234.591743,1466,1,0,0
1769957234.591743,1466,1,0,0
1769957234.591743,336,1,0,0
1769957234.591915,54,1,0,0
1769957234.59197,82,2,0,0
1769957234.59573,82,2,0,0
1769957234.59573,1292,2,0,0
1769957234.59573,1292,2,0,0
1769957234.602675,345,2,0,0
1769957234.602675,103,2,0,0
1769957234.602675,63,2,0,0
1769957234.602675,112,2,0,0
1769957234.602675,65,2,0,0
1769957234.603446,73,2,0,0
1769957234.603606,73,2,0,0
1769957234.604216,118,1,0,0
1769957234.604383,146,1,0,0
1769957234.604582,622,1,0,0
1769957234.604644,731,1,0,0
1769957234.604682,85,1,0,0
1769957234.615493,1292,2,0,0
1769957234.615493,314,2,0,0
1769957234.616296,120,2,0,0
1769957234.617251,986,2,0,0
1769957234.617343,67,2,0,0
1769957234.617552,73,2,0,0
1769957234.622989,67,2,0,0
1769957234.635998,116,1,0,0
1769957234.635998,85,1,0,0
1769957234.635998,54,1,0,0
1769957234.636122,54,1,0,0
1769957234.636274,85,1,0,0
1769957234.647573,162,2,0,0
1769957234.647846,73,2,0,0
1769957234.659365,256,2,0,0
1769957234.660368,89,2,0,0
1769957234.661833,63,2,0,0
1769957234.661833,76,2,0,0
1769957234.661833,63,2,0,0
1769957234.662168,77,2,0,0
1769957234.674429,54,1,0,0
1769957234.674429,76,2,0,0
1769957234.674827,77,2,0,0
1769957234.690648,70,2,0,0
1769957234.69231,65,2,0,0
1769957234.718898,74,2,0,0
1769957234.728512,66,2,0,0
1769957234.756218,76,2,0,0
1769957234.796792,78,2,0,0
1769957234.813346,71,2,0,0
1769957234.827737,76,2,0,0
1769957234.828064,75,2,0,0
1769957234.853505,66,2,0,0
1769957234.874581,248,1,0,0
1769957234.878251,66,2,0,0
1769957234.909816,1466,1,0,0
1769957234.909981,54,1,0,0
1769957234.910045,1466,1,0,0
1769957234.910086,1466,1,0,0
1769957234.910131,54,1,0,0
1769957234.910148,1466,1,0,0
1769957234.910171,1466,1,0,0
1769957234.910185,54,1,0,0
1769957234.910197,1466,1,0,0
1769957234.910216,1466,1,0,0
1769957234.910234,54,1,0,0
1769957234.910261,1453,1,0,0
1769957234.910261,1466,1,0,0
1769957234.910261,1466,1,0,0
1769957234.910261,81,1,0,0
1769957234.91031,54,1,0,0
1769957234.910472,102,1,0,0
1769957234.916661,615,1,0,0
1769957234.916661,93,1,0,0
1769957234.916745,54,1,0,0
1769957234.916879,93,1,0,0
1769957234.948205,54,1,0,0
1769957234.948205,54,1,0,0
1769957235.087983,71,2,0,0
1769957235.088423,66,1,0,0
1769957235.088735,66,1,0,0
1769957235.117556,66,1,0,0
1769957235.117798,54,1,0,0
1769957235.118012,66,1,0,0
1769957235.118065,56,1,0,0
1769957235.118102,87,1,0,0
1769957235.118158,54,1,0,0
1769957235.118312,56,1,0,0
1769957235.118343,87,1,0,0
1769957235.149726,54,1,0,0
1769957235.149726,54,1,0,0
1769957235.149726,146,1,0,0
1769957235.149726,54,1,0,0
1769957235.149726,54,1,0,0
1769957235.149726,66,2,0,0
1769957235.149726,105,1,0,0
1769957235.150088,54,1,0,0
1769957235.150658,54,1,0,0
1769957235.151461,1292,2,0,0
1769957235.151537,1292,2,0,0
1769957235.151731,118,2,0,0
1769957235.152108,960,2,0,0
1769957235.152306,188,2,0,0
1769957235.179265,54,1,0,0
1769957235.179265,54,1,0,0
1769957235.179382,54,1,0,0
1769957235.17945,54,1,0,0
1769957235.181251,82,2,0,0
1769957235.18162,1292,2,0,0
1769957235.189851,1292,2,0,0
1769957235.190012,746,2,0,0
1769957235.201118,1292,2,0,0
1769957235.201118,325,2,0,0
1769957235.201118,986,2,0,0
1769957235.201118,67,2,0,0
1769957235.201564,1292,2,0,0
1769957235.201941,66,1,0,0
1769957235.202335,66,1,0,0
1769957235.203058,120,2,0,0
1769957235.20319,73,2,0,0
1769957235.204392,200,2,0,0
1769957235.2086,66,1,0,0
1769957235.208877,66,1,0,0
1769957235.221942,69,2,0,0
1769957235.228462,79,2,0,0
1769957235.244546,66,1,0,0
1769957235.244546,66,1,0,0
1769957235.244546,162,2,0,0
1769957235.244546,66,1,0,0
1769957235.244716,54,1,0,0
1769957235.244755,54,1,0,0
1769957235.244846,54,1,0,0
1769957235.24485,56,1,0,0
1769957235.244881,66,1,0,0
1769957235.244912,54,1,0,0
1769957235.244929,85,1,0,0
1769957235.245056,56,1,0,0
1769957235.245083,85,1,0,0
1769957235.245267,56,1,0,0
1769957235.24529,83,1,0,0
1769957235.245337,56,1,0,0
1769957235.245367,83,1,0,0
1769957235.248111,74,2,0,0
1769957235.262441,65,2,0,0
1769957235.264991,241,2,0,0
1769957235.264991,63,2,0,0
1769957235.265268,77,2,0,0
1769957235.272572,74,2,0,0
1769957235.276888,54,1,0,0
1769957235.276888,54,1,0,0
1769957235.276888,54,1,0,0
1769957235.276888,54,1,0,0
1769957235.276888,54,1,0,0
1769957235.276888,247,1,0,0
1769957235.277211,54,1,0,0
1769957235.277621,54,1,0,0
1769957235.277621,54,1,0,0
1769957235.277621,54,1,0,0
1769957235.277621,87,1,0,0
1769957235.277621,85,1,0,0
1769957235.277621,245,1,0,0
1769957235.277857,54,1,0,0
1769957235.278385,54,1,0,0
1769957235.278875,54,1,0,0
1769957235.279677,1292,2,0,0
1769957235.27974,1292,2,0,0
1769957235.280064,117,2,0,0
1769957235.281206,1292,2,0,0
1769957235.281394,1292,2,0,0
1769957235.281828,123,2,0,0
1769957235.283636,995,2,0,0
1769957235.283907,215,2,0,0
1769957235.284135,198,2,0,0
1769957235.284418,208,2,0,0
1769957235.284576,222,2,0,0
1769957235.284753,217,2,0,0
1769957235.284882,216,2,0,0
1769957235.285075,1029,2,0,0
1769957235.28524,242,2,0,0
1769957235.28536,239,2,0,0
1769957235.285477,237,2,0,0
1769957235.285614,247,2,0,0
1769957235.28572,234,2,0,0
1769957235.315705,54,1,0,0
1769957235.315705,54,1,0,0
1769957235.315705,54,1,0,0
1769957235.315842,54,1,0,0
1769957235.315913,54,1,0,0
1769957235.31594,54,1,0,0
1769957235.324362,54,1,0,0
1769957235.324516,54,1,0,0
1769957235.324963,66,2,0,0
1769957235.336208,66,1,0,0
1769957235.336524,66,1,0,0
1769957235.349883,82,2,0,0
1769957235.349883,1292,2,0,0
1769957235.351104,71,2,0,0
1769957235.351502,1292,2,0,0
1769957235.351502,334,2,0,0
1769957235.351502,982,2,0,0
1769957235.352372,120,2,0,0
1769957235.352477,73,2,0,0
1769957235.355833,82,2,0,0
1769957235.355922,1292,2,0,0
1769957235.357155,70,2,0,0
1769957235.357155,70,2,0,0
1769957235.357343,73,2,0,0
1769957235.357404,1292,2,0,0
1769957235.357404,322,2,0,0
1769957235.357404,978,2,0,0
1769957235.357956,1288,2,0,0
1769957235.358009,1292,2,0,0
1769957235.358009,1292,2,0,0
1769957235.358076,1167,2,0,0
1769957235.358127,1288,2,0,0
1769957235.358127,1292,2,0,0
1769957235.358291,120,2,0,0
1769957235.358391,73,2,0,0
1769957235.35861,73,2,0,0
1769957235.35861,70,2,0,0
1769957235.358677,77,2,0,0
1769957235.358748,73,2,0,0
1769957235.358836,77,2,0,0
1769957235.358922,73,2,0,0
1769957235.360443,1266,2,0,0
1769957235.361303,1292,2,0,0
1769957235.361303,1292,2,0,0
1769957235.361461,75,2,0,0
1769957235.361588,75,2,0,0
1769957235.362333,1288,2,0,0
1769957235.362333,1292,2,0,0
1769957235.362386,1292,2,0,0
1769957235.362477,1292,2,0,0
1769957235.362684,81,2,0,0
1769957235.362739,76,2,0,0
1769957235.362764,76,2,0,0
1769957235.362784,74,2,0,0
1769957235.364994,1288,2,0,0
1769957235.364994,1292,2,0,0
1769957235.364994,612,2,0,0
1769957235.365207,79,2,0,0
1769957235.365262,73,2,0,0
1769957235.365434,1292,2,0,0
1769957235.365434,1292,2,0,0
1769957235.365482,1292,2,0,0
1769957235.36554,1292,2,0,0
1769957235.365711,73,2,0,0
1769957235.365783,73,2,0,0
1769957235.367073,1292,2,0,0
1769957235.367073,1292,2,0,0
1769957235.367073,1292,2,0,0
1769957235.367073,66,1,0,0
1769957235.367185,54,1,0,0
1769957235.367262,73,2,0,0
1769957235.367298,1292,2,0,0
1769957235.367298,1292,2,0,0
1769957235.367298,1292,2,0,0
1769957235.367421,56,1,0,0
1769957235.367448,105,1,0,0
1769957235.367541,73,2,0,0
1769957235.367585,73,2,0,0
1769957235.369669,66,1,0,0
1769957235.369726,54,1,0,0
1769957235.369764,1292,2,0,0
1769957235.369799,56,1,0,0
1769957235.369825,105,1,0,0
1769957235.375187,1292,2,0,0
1769957235.375187,1292,2,0,0
1769957235.375187,1292,2,0,0
1769957235.375279,1292,2,0,0
1769957235.375279,1292,2,0,0
1769957235.375279,1292,2,0,0
1769957235.375279,1292,2,0,0
1769957235.375338,1292,2,0,0
1769957235.375338,1292,2,0,0
1769957235.37543,73,2,0,0
1769957235.37551,73,2,0,0
1769957235.375564,73,2,0,0
1769957235.375611,73,2,0,0
1769957235.375656,73,2,0,0
1769957235.375945,1292,2,0,0
1769957235.375945,1292,2,0,0
1769957235.376138,73,2,0,0
1769957235.37993,1292,2,0,0
1769957235.380029,1292,2,0,0
1769957235.380029,1292,2,0,0
1769957235.380301,73,2,0,0
1769957235.380789,1292,2,0,0
1769957235.380943,73,2,0,0
1769957235.383093,1292,2,0,0
1769957235.383125,1292,2,0,0
1769957235.383125,1292,2,0,0
1769957235.383192,1292,2,0,0
1769957235.383241,73,2,0,0
1769957235.383273,73,2,0,0
1769957235.398573,54,1,0,0
1769957235.400672,54,1,0,0
1769957235.400672,54,1,0,0
1769957235.400672,54,1,0,0
1769957235.400672,107,1,0,0
1769957235.400672,153,1,0,0
1769957235.400942,54,1,0,0
1769957235.401657,54,1,0,0
1769957235.402437,1292,2,0,0
1769957235.402502,1292,2,0,0
1769957235.402711,121,2,0,0
1769957235.420813,163,2,0,0
1769957235.420813,65,2,0,0
1769957235.423001,162,2,0,0
1769957235.42408,1292,2,0,0
1769957235.424287,73,2,0,0
1769957235.42615,1292,2,0,0
1769957235.428736,65,2,0,0
1769957235.429226,1292,2,0,0
1769957235.429226,1292,2,0,0
1769957235.429467,78,2,0,0
1769957235.430099,54,1,0,0
1769957235.430099,54,1,0,0
1769957235.430165,54,1,0,0
1769957235.430225,54,1,0,0
1769957235.431484,1292,2,0,0
1769957235.431484,1292,2,0,0
1769957235.431827,77,2,0,0
1769957235.431859,66,2,0,0
1769957235.433952,82,2,0,0
1769957235.435954,1292,2,0,0
1769957235.435954,1292,2,0,0
1769957235.436153,73,2,0,0
1769957235.440819,60,7,0,0
1769957235.440843,42,7,0,0
1769957235.440967,1292,2,0,0
1769957235.441131,1292,2,0,0
1769957235.441375,1292,2,0,0
1769957235.441844,81,2,0,0
1769957235.443428,1292,2,0,0
1769957235.443428,1288,2,0,0
1769957235.443873,1292,2,0,0
1769957235.443873,1292,2,0,0
1769957235.443873,1292,2,0,0
1769957235.443986,1292,2,0,0
1769957235.444471,207,2,0,0
1769957235.444479,1292,2,0,0
1769957235.444558,1292,2,0,0
1769957235.444721,73,2,0,0
1769957235.444814,73,2,0,0
1769957235.444872,73,2,0,0
1769957235.445202,1288,2,0,0
1769957235.445249,1288,2,0,0
1769957235.44529,1292,2,0,0
1769957235.445312,279,2,0,0
1769957235.446869,1292,2,0,0
1769957235.446869,1292,2,0,0
1769957235.447128,73,2,0,0
1769957235.447263,74,2,0,0
1769957235.449313,1292,2,0,0
1769957235.449313,1292,2,0,0
1769957235.449313,1292,2,0,0
1769957235.450137,66,1,0,0
1769957235.450476,66,1,0,0
1769957235.450715,73,2,0,0
1769957235.450801,74,2,0,0
1769957235.451742,1281,2,0,0
1769957235.454926,1292,2,0,0
1769957235.454926,1292,2,0,0
1769957235.454926,1292,2,0,0
1769957235.454926,1292,2,0,0
1769957235.45553,74,2,0,0
1769957235.455811,74,2,0,0
1769957235.456964,1292,2,0,0
1769957235.456964,1292,2,0,0
1769957235.457279,74,2,0,0
1769957235.458108,1292,2,0,0
1769957235.458219,1292,2,0,0
1769957235.45838,74,2,0,0
1769957235.459585,1292,2,0,0
1769957235.459585,1292,2,0,0
1769957235.459851,74,2,0,0
1769957235.461876,1292,2,0,0
1769957235.461876,1292,2,0,0
1769957235.462278,74,2,0,0
1769957235.463728,1292,2,0,0
1769957235.464058,74,2,0,0
1769957235.465599,1292,2,0,0
1769957235.467622,933,2,0,0
1769957235.468169,79,2,0,0
1769957235.4704,1288,2,0,0
1769957235.4704,1292,2,0,0
1769957235.4704,1292,2,0,0
1769957235.4704,1292,2,0,0
1769957235.471178,79,2,0,0
1769957235.471357,75,2,0,0
1769957235.472699,1292,2,0,0
1769957235.472699,1292,2,0,0
1769957235.472699,1292,2,0,0
1769957235.472699,1292,2,0,0
1769957235.473185,75,2,0,0
1769957235.473399,75,2,0,0
1769957235.479377,1292,2,0,0
1769957235.479377,1292,2,0,0
1769957235.479377,1292,2,0,0
1769957235.479377,1292,2,0,0
1769957235.480078,75,2,0,0
1769957235.480419,75,2,0,0
1769957235.480661,572,2,0,0
1769957235.480661,158,2,0,0
1769957235.480661,66,2,0,0
1769957235.480661,70,2,0,0
1769957235.481259,73,2,0,0
1769957235.481788,1292,2,0,0
1769957235.481788,1292,2,0,0
1769957235.481788,66,1,0,0
1769957235.481788,66,1,0,0
1769957235.481788,633,2,0,0
1769957235.481997,54,1,0,0
1769957235.482037,54,1,0,0
1769957235.482256,75,2,0,0
1769957235.48232,1292,2,0,0
1769957235.48232,1292,2,0,0
1769957235.482472,56,1,0,0
1769957235.482506,98,1,0,0
1769957235.482587,56,1,0,0
1769957235.482614,98,1,0,0
1769957235.482881,77,2,0,0
1769957235.483035,75,2,0,0
1769957235.483469,1292,2,0,0
1769957235.485226,1292,2,0,0
1769957235.485526,75,2,0,0
1769957235.487832,1292,2,0,0
1769957235.487832,1292,2,0,0
1769957235.487832,1292,2,0,0
1769957235.487832,1292,2,0,0
1769957235.488573,75,2,0,0
1769957235.488763,75,2,0,0
1769957235.490287,1292,2,0,0
1769957235.490287,1292,2,0,0
1769957235.490287,1292,2,0,0
1769957235.490287,1292,2,0,0
1769957235.490484,1288,2,0,0
1769957235.490817,75,2,0,0
1769957235.490866,1292,2,0,0
1769957235.490866,1292,2,0,0
1769957235.490866,1292,2,0,0
1769957235.491026,1292,2,0,0
1769957235.495482,1292,2,0,0
1769957235.495482,1292,2,0,0
1769957235.495482,1292,2,0,0
1769957235.495482,1292,2,0,0
1769957235.495482,1292,2,0,0
1769957235.495813,1292,2,0,0
1769957235.495813,1292,2,0,0
1769957235.495813,1292,2,0,0
1769957235.495813,1292,2,0,0
1769957235.495813,1292,2,0,0
1769957235.496196,74,2,0,0
1769957235.496633,73,2,0,0
1769957235.496737,73,2,0,0
1769957235.497609,651,2,0,0
1769957235.498311,1292,2,0,0
1769957235.498311,1292,2,0,0
1769957235.498814,1292,2,0,0
1769957235.498814,1292,2,0,0
1769957235.498814,1292,2,0,0
1769957235.498814,1292,2,0,0
1769957235.499005,75,2,0,0
1769957235.499103,75,2,0,0
1769957235.49915,75,2,0,0
1769957235.499195,75,2,0,0
1769957235.499239,75,2,0,0
1769957235.499286,73,2,0,0
1769957235.504166,1292,2,0,0
1769957235.504166,1292,2,0,0
1769957235.505003,73,2,0,0
1769957235.505706,1292,2,0,0
1769957235.505706,1292,2,0,0
1769957235.505706,1292,2,0,0
1769957235.505907,1292,2,0,0
1769957235.506385,73,2,0,0
1769957235.506738,73,2,0,0
1769957235.506992,1292,2,0,0
1769957235.506992,1292,2,0,0
1769957235.507306,1292,2,0,0
1769957235.507731,73,2,0,0
1769957235.509726,1292,2,0,0
1769957235.509726,1292,2,0,0
1769957235.510101,73,2,0,0
1769957235.511478,54,1,0,0
1769957235.511478,54,1,0,0
1769957235.511478,1292,2,0,0
1769957235.511647,1292,2,0,0
1769957235.511899,73,2,0,0
1769957235.512754,76,2,0,0
1769957235.513504,100,1,0,0
1769957235.513504,54,1,0,0
1769957235.513504,54,1,0,0
1769957235.513504,294,1,0,0
1769957235.513504,1292,2,0,0
1769957235.513924,54,1,0,0
1769957235.514175,73,2,0,0
1769957235.514517,54,1,0,0
1769957235.515142,66,1,0,0
1769957235.517026,1292,2,0,0
1769957235.517026,1292,2,0,0
1769957235.517271,73,2,0,0
1769957235.517565,134,2,0,0
1769957235.519427,1292,2,0,0
1769957235.519427,1292,2,0,0
1769957235.519427,1292,2,0,0
1769957235.519661,1292,2,0,0
1769957235.519954,73,2,0,0
1769957235.520175,73,2,0,0
1769957235.521463,1292,2,0,0
1769957235.521463,1292,2,0,0
1769957235.521931,73,2,0,0
1769957235.523866,1288,2,0,0
1769957235.523866,1292,2,0,0
1769957235.524002,1292,2,0,0
1769957235.524002,1292,2,0,0
1769957235.524002,1292,2,0,0
1769957235.524002,1292,2,0,0
1769957235.524767,1292,2,0,0
1769957235.524767,1292,2,0,0
1769957235.524767,1292,2,0,0
1769957235.525225,78,2,0,0
1769957235.525537,1292,2,0,0
1769957235.525537,1292,2,0,0
1769957235.526334,1292,2,0,0
1769957235.526334,1292,2,0,0
1769957235.526784,73,2,0,0
1769957235.527681,1292,2,0,0
1769957235.527681,1292,2,0,0
1769957235.527931,79,2,0,0
1769957235.529303,1292,2,0,0
1769957235.529303,1292,2,0,0
1769957235.529303,1292,2,0,0
1769957235.529457,1292,2,0,0
1769957235.529746,73,2,0,0
1769957235.529856,1292,2,0,0
1769957235.529856,1292,2,0,0
1769957235.530862,1292,2,0,0
1769957235.530862,1292,2,0,0
1769957235.530862,1292,2,0,0
1769957235.530862,1292,2,0,0
1769957235.531049,1292,2,0,0
1769957235.531049,1292,2,0,0
1769957235.531371,73,2,0,0
1769957235.531581,73,2,0,0
1769957235.531674,1292,2,0,0
1769957235.533531,1292,2,0,0
1769957235.533531,1292,2,0,0
1769957235.533531,1292,2,0,0
1769957235.53393,74,2,0,0
1769957235.535463,786,2,0,0
1769957235.535905,1292,2,0,0
1769957235.536074,1292,2,0,0
1769957235.536074,1292,2,0,0
1769957235.536074,1292,2,0,0
1769957235.536733,73,2,0,0
1769957235.536825,73,2,0,0
1769957235.538792,1292,2,0,0
1769957235.538792,1292,2,0,0
1769957235.538792,1292,2,0,0
1769957235.538792,1292,2,0,0
1769957235.539213,73,2,0,0
1769957235.539316,74,2,0,0
1769957235.543947,78,2,0,0
1769957235.544239,141,2,0,0
1769957235.545205,1292,2,0,0
1769957235.545342,1292,2,0,0
1769957235.545342,1292,2,0,0
1769957235.545342,1292,2,0,0
1769957235.545342,1292,2,0,0
1769957235.545453,1292,2,0,0
1769957235.545453,1292,2,0,0
1769957235.545515,1292,2,0,0
1769957235.5457,74,2,0,0
1769957235.545778,74,2,0,0
1769957235.54581,74,2,0,0
1769957235.545839,74,2,0,0
1769957235.545972,1292,2,0,0
1769957235.546103,1292,2,0,0
1769957235.546103,1292,2,0,0
1769957235.546103,1292,2,0,0
1769957235.546103,54,1,0,0
1769957235.546103,54,1,0,0
1769957235.546254,54,1,0,0
1769957235.546319,74,2,0,0
1769957235.546356,54,1,0,0
1769957235.546422,74,2,0,0
1769957235.546901,66,1,0,0
1769957235.547009,54,1,0,0
1769957235.547639,1494,1,0,0
1769957235.547639,446,1,0,0
1769957235.549016,1292,2,0,0
1769957235.549016,1292,2,0,0
1769957235.549355,75,2,0,0
1769957235.550648,1292,2,0,0
1769957235.550648,1292,2,0,0
1769957235.550648,1292,2,0,0
1769957235.550648,1292,2,0,0
1769957235.550803,1292,2,0,0
1769957235.550803,1292,2,0,0
1769957235.550983,75,2,0,0
1769957235.551068,75,2,0,0
1769957235.5511,75,2,0,0
1769957235.551393,75,2,0,0
1769957235.553314,1292,2,0,0
1769957235.553314,1292,2,0,0
1769957235.553314,1292,2,0,0
1769957235.553314,1292,2,0,0
1769957235.553314,1292,2,0,0
1769957235.553314,1292,2,0,0
1769957235.553506,1292,2,0,0
1769957235.553506,1292,2,0,0
1769957235.553702,75,2,0,0
1769957235.55395,80,2,0,0
1769957235.554108,75,2,0,0
1769957235.554149,75,2,0,0
1769957235.55739,1292,2,0,0
1769957235.55773,74,2,0,0
1769957235.55977,1292,2,0,0
1769957235.55977,1292,2,0,0
1769957235.55977,1292,2,0,0
1769957235.55977,1292,2,0,0
1769957235.55977,1292,2,0,0
1769957235.55977,1292,2,0,0
1769957235.55977,1292,2,0,0
1769957235.55977,1292,2,0,0
1769957235.55977,1292,2,0,0
1769957235.55977,1292,2,0,0
1769957235.560055,1292,2,0,0
1769957235.560437,74,2,0,0
1769957235.560638,74,2,0,0
1769957235.560749,74,2,0,0
1769957235.560845,74,2,0,0
1769957235.560937,74,2,0,0
1769957235.562145,1292,2,0,0
1769957235.562145,1292,2,0,0
1769957235.562145,1292,2,0,0
1769957235.562145,1292,2,0,0
1769957235.562247,1292,2,0,0
1769957235.562247,1292,2,0,0
1769957235.562247,1292,2,0,0
1769957235.562289,1292,2,0,0
1769957235.562452,74,2,0,0
1769957235.56284,1292,2,0,0
1769957235.564722,1292,2,0,0
1769957235.564722,1292,2,0,0
1769957235.564722,1292,2,0,0
1769957235.564722,1292,2,0,0
1769957235.56494,1292,2,0,0
1769957235.56494,1292,2,0,0
1769957235.56494,1292,2,0,0
1769957235.565106,75,2,0,0
1769957235.56587,1292,2,0,0
1769957235.56587,1292,2,0,0
1769957235.565955,1292,2,0,0
1769957235.565955,1292,2,0,0
1769957235.565983,1292,2,0,0
1769957235.565983,1292,2,0,0
1769957235.566096,1292,2,0,0
1769957235.566096,1292,2,0,0
1769957235.566214,75,2,0,0
1769957235.568289,1292,2,0,0
1769957235.568691,818,2,0,0
1769957235.569704,78,2,0,0
1769957235.569768,1292,2,0,0
1769957235.569768,1292,2,0,0
1769957235.569768,1292,2,0,0
1769957235.569892,1292,2,0,0
1769957235.569892,1292,2,0,0
1769957235.570643,1292,2,0,0
1769957235.570643,1292,2,0,0
1769957235.570694,1292,2,0,0
1769957235.570751,1292,2,0,0
1769957235.570813,75,2,0,0
1769957235.574552,1292,2,0,0
1769957235.574552,1292,2,0,0
1769957235.574552,1292,2,0,0
1769957235.574707,1292,2,0,0
1769957235.578009,1292,2,0,0
1769957235.578119,706,2,0,0
1769957235.578415,283,2,0,0
1769957235.579492,54,1,0,0
1769957235.579492,153,1,0,0
1769957235.579844,1292,2,0,0
1769957235.579844,1292,2,0,0
1769957235.579959,1292,2,0,0
1769957235.579959,1292,2,0,0
1769957235.580011,700,1,0,0
1769957235.580034,1292,2,0,0
1769957235.580034,1292,2,0,0
1769957235.580117,76,2,0,0
1769957235.58013,1292,2,0,0
1769957235.58013,1292,2,0,0
1769957235.581894,1292,2,0,0
1769957235.581894,1292,2,0,0
1769957235.582131,75,2,0,0
1769957235.583084,1292,2,0,0
1769957235.58317,1292,2,0,0
1769957235.58317,1292,2,0,0
1769957235.58317,1292,2,0,0
1769957235.584685,1292,2,0,0
1769957235.584685,1292,2,0,0
1769957235.584685,1292,2,0,0
1769957235.58636,1292,2,0,0
1769957235.58636,1292,2,0,0
1769957235.58636,1292,2,0,0
1769957235.58636,1292,2,0,0
1769957235.586577,75,2,0,0
1769957235.58864,1292,2,0,0
1769957235.58864,1292,2,0,0
1769957235.58864,1292,2,0,0
1769957235.588707,1292,2,0,0
1769957235.588707,1292,2,0,0
1769957235.588707,1292,2,0,0
1769957235.588847,1292,2,0,0
1769957235.588847,1292,2,0,0
1769957235.588847,1292,2,0,0
1769957235.588937,75,2,0,0
1769957235.591095,1292,2,0,0
1769957235.591095,1292,2,0,0
1769957235.591095,1292,2,0,0
1769957235.591095,1292,2,0,0
1769957235.59124,1292,2,0,0
1769957235.59124,1292,2,0,0
1769957235.59124,1292,2,0,0
1769957235.591321,1292,2,0,0
1769957235.593593,1292,2,0,0
1769957235.593593,1292,2,0,0
1769957235.593593,1292,2,0,0
1769957235.593593,1292,2,0,0
1769957235.593708,1292,2,0,0
1769957235.593708,1292,2,0,0
1769957235.593708,1292,2,0,0
1769957235.593738,1292,2,0,0
1769957235.593738,1292,2,0,0
1769957235.593787,1292,2,0,0
1769957235.593953,75,2,0,0
1769957235.594007,1292,2,0,0
1769957235.594392,1292,2,0,0
1769957235.594689,75,2,0,0
1769957235.59486,1292,2,0,0
1769957235.59486,1292,2,0,0
1769957235.594958,1292,2,0,0
1769957235.594958,1292,2,0,0
1769957235.59501,1292,2,0,0
1769957235.595133,1292,2,0,0
1769957235.595133,1292,2,0,0
1769957235.595213,1292,2,0,0
1769957235.595213,1292,2,0,0
1769957235.596943,1292,2,0,0
1769957235.596943,1292,2,0,0
1769957235.596943,1292,2,0,0
1769957235.597086,75,2,0,0
1769957235.599758,1292,2,0,0
1769957235.599758,1292,2,0,0
1769957235.599758,1292,2,0,0
1769957235.599758,1292,2,0,0
1769957235.599758,1292,2,0,0
1769957235.599758,1292,2,0,0
1769957235.599758,1292,2,0,0
1769957235.599832,1292,2,0,0
1769957235.599832,1292,2,0,0
1769957235.599832,1292,2,0,0
1769957235.599832,1292,2,0,0
1769957235.599832,1292,2,0,0
1769957235.600076,80,2,0,0
1769957235.605405,1292,2,0,0
1769957235.605405,1292,2,0,0
1769957235.605405,1292,2,0,0
1769957235.605405,1292,2,0,0
1769957235.605526,1292,2,0,0
1769957235.605526,1292,2,0,0
1769957235.605526,1292,2,0,0
1769957235.605564,1292,2,0,0
1769957235.605726,1292,2,0,0
1769957235.605779,75,2,0,0
1769957235.606933,1292,2,0,0
1769957235.606933,1292,2,0,0
1769957235.606933,1292,2,0,0
1769957235.606989,1292,2,0,0
1769957235.607062,1292,2,0,0
1769957235.607139,1292,2,0,0
1769957235.607139,1292,2,0,0
1769957235.607195,1292,2,0,0
1769957235.607195,1292,2,0,0
1769957235.60736,75,2,0,0
1769957235.607371,1292,2,0,0
1769957235.607371,1292,2,0,0
1769957235.607599,1292,2,0,0
1769957235.607685,1292,2,0,0
1769957235.607685,1292,2,0,0
1769957235.607749,1292,2,0,0
1769957235.607771,1292,2,0,0
1769957235.607815,1292,2,0,0
1769957235.607815,1292,2,0,0
1769957235.60787,1292,2,0,0
1769957235.607962,1292,2,0,0
1769957235.608038,1292,2,0,0
1769957235.608038,1292,2,0,0
1769957235.608086,1292,2,0,0
1769957235.608134,1292,2,0,0
1769957235.608134,1292,2,0,0
1769957235.608137,75,2,0,0
1769957235.608335,1292,2,0,0
1769957235.608335,1292,2,0,0
1769957235.608335,1292,2,0,0
1769957235.608411,1292,2,0,0
1769957235.608411,1292,2,0,0
1769957235.608411,1292,2,0,0
1769957235.608519,75,2,0,0
1769957235.609667,69,2,0,0
1769957235.609667,70,2,0,0
1769957235.609883,73,2,0,0
1769957235.611147,1506,1,0,0
1769957235.611147,1506,1,0,0
1769957235.611147,1246,1,0,0
1769957235.611225,54,1,0,0
1769957235.612046,1292,2,0,0
1769957235.612046,1292,2,0,0
1769957235.612046,1292,2,0,0
1769957235.612169,1292,2,0,0
1769957235.612169,1292,2,0,0
1769957235.612169,1292,2,0,0
1769957235.612218,1292,2,0,0
1769957235.61223,1292,2,0,0
1769957235.612339,75,2,0,0
1769957235.614597,1506,1,0,0
1769957235.614597,1395,1,0,0
1769957235.61466,54,1,0,0
1769957235.614994,1292,2,0,0
1769957235.614994,1292,2,0,0
1769957235.615143,1292,2,0,0
1769957235.615143,1292,2,0,0
1769957235.615143,1292,2,0,0
1769957235.615143,1292,2,0,0
1769957235.615143,1292,2,0,0
1769957235.615271,1292,2,0,0
1769957235.615271,1292,2,0,0
1769957235.615271,1292,2,0,0
1769957235.615369,1292,2,0,0
1769957235.615434,1292,2,0,0
1769957235.615434,1292,2,0,0
1769957235.615434,1292,2,0,0
1769957235.615529,1292,2,0,0
1769957235.615529,1292,2,0,0
1769957235.615529,68,2,0,0
1769957235.615618,75,2,0,0
1769957235.615641,1292,2,0,0
1769957235.615641,1292,2,0,0
1769957235.615641,1292,2,0,0
1769957235.615731,75,2,0,0
1769957235.617147,128,1,0,0
1769957235.617341,146,1,0,0
1769957235.617507,422,1,0,0
1769957235.617542,1255,1,0,0
1769957235.622645,1292,2,0,0
1769957235.622645,1292,2,0,0
1769957235.622645,1292,2,0,0
1769957235.630202,1292,2,0,0
1769957235.630202,1292,2,0,0
1769957235.630362,1292,2,0,0
1769957235.630433,1292,2,0,0
1769957235.630686,1292,2,0,0
1769957235.630686,1292,2,0,0
1769957235.630762,1292,2,0,0
1769957235.630791,1292,2,0,0
1769957235.630863,75,2,0,0
1769957235.631055,1292,2,0,0
1769957235.631055,1292,2,0,0
1769957235.631151,1292,2,0,0
1769957235.631217,1292,2,0,0
1769957235.631236,75,2,0,0
1769957235.631304,1292,2,0,0
1769957235.631468,1292,2,0,0
1769957235.63152,1292,2,0,0
1769957235.631704,1292,2,0,0
1769957235.631704,1292,2,0,0
1769957235.631779,1292,2,0,0
1769957235.631899,1292,2,0,0
1769957235.63197,1292,2,0,0
1769957235.632846,65,2,0,0
1769957235.633071,71,2,0,0
1769957235.634429,1292,2,0,0
1769957235.634477,1292,2,0,0
1769957235.634477,1292,2,0,0
1769957235.6347,75,2,0,0
1769957235.651433,76,2,0,0
1769957235.668051,1292,2,0,0
1769957235.668117,1292,2,0,0
1769957235.66813,1292,2,0,0
1769957235.668344,80,2,0,0
1769957235.668432,1292,2,0,0
1769957235.668741,1292,2,0,0
1769957235.671668,357,1,0,0
1769957235.671712,66,1,0,0
1769957235.671822,125,1,0,0
1769957235.671822,54,1,0,0
1769957235.671822,357,1,0,0
1769957235.671822,681,2,0,0
1769957235.671843,66,1,0,0
1769957235.671886,54,1,0,0
1769957235.672189,85,1,0,0
1769957235.674633,79,2,0,0
1769957235.674633,63,2,0,0
1769957235.674633,64,2,0,0
1769957235.674633,79,2,0,0
1769957235.675128,78,2,0,0
1769957235.675177,1292,2,0,0
1769957235.675263,73,2,0,0
1769957235.675417,1292,2,0,0
1769957235.675701,1292,2,0,0
1769957235.676063,1292,2,0,0
1769957235.676137,1292,2,0,0
1769957235.676302,75,2,0,0
1769957235.676352,1292,2,0,0
1769957235.67651,1292,2,0,0
1769957235.676548,1292,2,0,0
1769957235.676777,1292,2,0,0
1769957235.677089,1292,2,0,0
1769957235.677161,1292,2,0,0
1769957235.677189,1292,2,0,0
1769957235.677222,1292,2,0,0
1769957235.677282,1292,2,0,0
1769957235.677631,1292,2,0,0
1769957235.677812,1292,2,0,0
1769957235.677858,75,2,0,0
1769957235.678054,1292,2,0,0
1769957235.67836,1292,2,0,0
1769957235.678731,63,2,0,0
1769957235.678935,77,2,0,0
1769957235.679799,200,2,0,0
1769957235.682285,1292,2,0,0
1769957235.682285,1292,2,0,0
1769957235.682418,1292,2,0,0
1769957235.682418,1292,2,0,0
1769957235.682418,1292,2,0,0
1769957235.682418,1292,2,0,0
1769957235.682418,1292,2,0,0
1769957235.682418,1292,2,0,0
1769957235.682418,1292,2,0,0
1769957235.682538,75,2,0,0
1769957235.682941,1292,2,0,0
1769957235.682941,1292,2,0,0
1769957235.682941,1292,2,0,0
1769957235.682941,1292,2,0,0
1769957235.682941,1292,2,0,0
1769957235.682941,1292,2,0,0
1769957235.682941,1292,2,0,0
1769957235.682941,1292,2,0,0
1769957235.682941,1292,2,0,0
1769957235.682941,1292,2,0,0
1769957235.682941,1292,2,0,0
1769957235.683076,75,2,0,0
1769957235.683258,1292,2,0,0
1769957235.683258,1292,2,0,0
1769957235.683258,1292,2,0,0
1769957235.683311,1292,2,0,0
1769957235.683311,1292,2,0,0
1769957235.683328,1292,2,0,0
1769957235.683403,1292,2,0,0
1769957235.683458,1292,2,0,0
1769957235.683458,1292,2,0,0
1769957235.68351,1292,2,0,0
1769957235.683577,1292,2,0,0
1769957235.683631,1292,2,0,0
1769957235.683631,1292,2,0,0
1769957235.683684,1292,2,0,0
1769957235.683761,1292,2,0,0
1769957235.683819,1292,2,0,0
1769957235.683819,1292,2,0,0
1769957235.683887,75,2,0,0
1769957235.683962,75,2,0,0
1769957235.68411,1292,2,0,0
1769957235.684164,1292,2,0,0
1769957235.684164,1292,2,0,0
1769957235.684217,1292,2,0,0
1769957235.684278,1292,2,0,0
1769957235.684335,1292,2,0,0
1769957235.684335,1292,2,0,0
1769957235.684387,1292,2,0,0
1769957235.684464,1292,2,0,0
1769957235.684519,1292,2,0,0
1769957235.684519,1292,2,0,0
1769957235.684659,1292,2,0,0
1769957235.684659,1292,2,0,0
1769957235.684736,1292,2,0,0
1769957235.684736,1292,2,0,0
1769957235.684757,1292,2,0,0
1769957235.684806,1292,2,0,0
1769957235.684861,1292,2,0,0
1769957235.684861,75,2,0,0
1769957235.684921,1292,2,0,0
1769957235.684921,1292,2,0,0
1769957235.685026,75,2,0,0
1769957235.685212,1292,2,0,0
1769957235.685264,1292,2,0,0
1769957235.685264,1292,2,0,0
1769957235.68532,1292,2,0,0
1769957235.685381,1292,2,0,0
1769957235.685438,1292,2,0,0
1769957235.685438,1292,2,0,0
1769957235.685492,1292,2,0,0
1769957235.685557,1292,2,0,0
1769957235.685613,1292,2,0,0
1769957235.685613,1292,2,0,0
1769957235.685666,1292,2,0,0
1769957235.68573,1292,2,0,0
1769957235.685738,75,2,0,0
1769957235.685792,1292,2,0,0
1769957235.685792,1292,2,0,0
1769957235.685839,1292,2,0,0
1769957235.687698,1292,2,0,0
1769957235.68785,1292,2,0,0
1769957235.68785,1292,2,0,0
1769957235.68785,1292,2,0,0
1769957235.687946,75,2,0,0
1769957235.688149,1292,2,0,0
1769957235.688191,1292,2,0,0
1769957235.688191,1292,2,0,0
1769957235.68824,1292,2,0,0
1769957235.688379,1292,2,0,0
1769957235.688448,1292,2,0,0
1769957235.688448,1292,2,0,0
1769957235.688448,1292,2,0,0
1769957235.688514,1292,2,0,0
1769957235.688514,1292,2,0,0
1769957235.688555,1292,2,0,0
1769957235.688651,75,2,0,0
1769957235.6887,1292,2,0,0
1769957235.6887,1292,2,0,0
1769957235.6887,1292,2,0,0
1769957235.688751,1292,2,0,0
1769957235.688806,1292,2,0,0
1769957235.688806,1292,2,0,0
1769957235.688858,1292,2,0,0
1769957235.689291,1292,2,0,0
1769957235.689291,1292,2,0,0
1769957235.689291,1292,2,0,0
1769957235.689291,1292,2,0,0
1769957235.689451,75,2,0,0
1769957235.689543,1292,2,0,0
1769957235.689543,1292,2,0,0
1769957235.689543,1292,2,0,0
1769957235.689543,1292,2,0,0
1769957235.689543,1292,2,0,0
1769957235.689543,1292,2,0,0
1769957235.689755,1292,2,0,0
1769957235.689755,1292,2,0,0
1769957235.689755,1292,2,0,0
1769957235.689755,1292,2,0,0
1769957235.689755,1292,2,0,0
1769957235.689851,75,2,0,0
1769957235.689972,1292,2,0,0
1769957235.689972,1292,2,0,0
1769957235.689972,1292,2,0,0
1769957235.689972,1292,2,0,0
1769957235.690205,1292,2,0,0
1769957235.690256,1292,2,0,0
1769957235.690256,1292,2,0,0
1769957235.690305,1292,2,0,0
1769957235.690373,1292,2,0,0
1769957235.690428,1292,2,0,0
1769957235.690428,1292,2,0,0
1769957235.69048,1292,2,0,0
1769957235.690486,75,2,0,0
1769957235.690589,1292,2,0,0
1769957235.690589,1292,2,0,0
1769957235.690615,1292,2,0,0
1769957235.690689,1292,2,0,0
1769957235.690744,1292,2,0,0
1769957235.690744,1292,2,0,0
1769957235.690829,1292,2,0,0
1769957235.690873,75,2,0,0
1769957235.690873,1292,2,0,0
1769957235.690873,1292,2,0,0
1769957235.69097,1292,2,0,0
1769957235.691273,1292,2,0,0
1769957235.691273,1292,2,0,0
1769957235.691273,1292,2,0,0
1769957235.69132,1292,2,0,0
1769957235.691417,1292,2,0,0
1769957235.691441,1292,2,0,0
1769957235.691502,75,2,0,0
1769957235.691551,1292,2,0,0
1769957235.691551,1292,2,0,0
1769957235.691643,1292,2,0,0
1769957235.691643,1292,2,0,0
1769957235.691643,1292,2,0,0
1769957235.691704,1292,2,0,0
1769957235.691748,1292,2,0,0
1769957235.691786,1292,2,0,0
1769957235.691841,1292,2,0,0
1769957235.691841,1292,2,0,0
1769957235.691921,1292,2,0,0
1769957235.691921,1292,2,0,0
1769957235.692073,75,2,0,0
1769957235.69223,1292,2,0,0
1769957235.692285,1292,2,0,0
1769957235.692285,1292,2,0,0
1769957235.692336,1292,2,0,0
1769957235.692404,1292,2,0,0
1769957235.692538,1292,2,0,0
1769957235.692538,1292,2,0,0
1769957235.692615,1292,2,0,0
1769957235.692674,75,2,0,0
1769957235.716167,76,2,0,0
1769957235.71886,681,2,0,0
1769957235.719161,75,2,0,0
1769957235.721732,125,1,0,0
1769957235.721774,66,1,0,0
1769957235.726561,1292,2,0,0
1769957235.726862,82,2,0,0
1769957235.73141,65,2,0,0
1769957235.735242,1292,2,0,0
1769957235.735242,1292,2,0,0
1769957235.735242,1292,2,0,0
1769957235.735242,1292,2,0,0
1769957235.735393,1292,2,0,0
1769957235.735655,76,2,0,0
1769957235.735747,76,2,0,0
1769957235.735784,76,2,0,0
1769957235.73711,1292,2,0,0
1769957235.73711,1292,2,0,0
1769957235.73711,1292,2,0,0
1769957235.737162,1292,2,0,0
1769957235.737162,1292,2,0,0
1769957235.737189,1292,2,0,0
1769957235.737256,1292,2,0,0
1769957235.737256,1292,2,0,0
1769957235.737347,1292,2,0,0
1769957235.737347,1292,2,0,0
1769957235.737416,1292,2,0,0
1769957235.737459,76,2,0,0
1769957235.737698,1292,2,0,0
1769957235.737755,1292,2,0,0
1769957235.737755,1292,2,0,0
1769957235.737809,1292,2,0,0
1769957235.737871,1292,2,0,0
1769957235.737931,1292,2,0,0
1769957235.737931,1292,2,0,0
1769957235.738009,1292,2,0,0
1769957235.738125,76,2,0,0
1769957235.740035,1292,2,0,0
1769957235.740035,1292,2,0,0
1769957235.740035,1292,2,0,0
1769957235.740187,1292,2,0,0
1769957235.740187,1292,2,0,0
1769957235.740187,1292,2,0,0
1769957235.740269,1292,2,0,0
1769957235.740269,1292,2,0,0
1769957235.740269,1292,2,0,0
1769957235.740341,1292,2,0,0
1769957235.740378,1292,2,0,0
1769957235.740411,1292,2,0,0
1769957235.740442,1292,2,0,0
1769957235.740451,76,2,0,0
1769957235.740477,1292,2,0,0
1769957235.740635,1292,2,0,0
1769957235.740635,1292,2,0,0
1769957235.740635,1292,2,0,0
1769957235.740721,1292,2,0,0
1769957235.740782,1292,2,0,0
1769957235.740782,1292,2,0,0
1769957235.740876,76,2,0,0
1769957235.741134,1292,2,0,0
1769957235.741134,1292,2,0,0
1769957235.741134,1292,2,0,0
1769957235.74126,1292,2,0,0
1769957235.74126,1292,2,0,0
1769957235.74126,1292,2,0,0
1769957235.741339,1292,2,0,0
1769957235.741339,1292,2,0,0
1769957235.742661,1292,2,0,0
1769957235.742661,1292,2,0,0
1769957235.742834,1292,2,0,0
1769957235.742834,1292,2,0,0
1769957235.742834,1292,2,0,0
1769957235.742834,1292,2,0,0
1769957235.742834,1292,2,0,0
1769957235.742992,1292,2,0,0
1769957235.742992,1292,2,0,0
1769957235.742992,1292,2,0,0
1769957235.742992,1292,2,0,0
1769957235.743063,76,2,0,0
1769957235.74313,1292,2,0,0
1769957235.74313,1292,2,0,0
1769957235.74313,1292,2,0,0
1769957235.743224,1292,2,0,0
1769957235.743224,1292,2,0,0
1769957235.743416,76,2,0,0
1769957235.748651,1292,2,0,0
1769957235.748651,1292,2,0,0
1769957235.748651,1292,2,0,0
1769957235.748994,1292,2,0,0
1769957235.748994,1292,2,0,0
1769957235.748994,1292,2,0,0
1769957235.748994,1292,2,0,0
1769957235.748994,1292,2,0,0
1769957235.748994,1292,2,0,0
1769957235.748994,1292,2,0,0
1769957235.748994,1292,2,0,0
1769957235.748994,1292,2,0,0
1769957235.748994,1292,2,0,0
1769957235.748994,1292,2,0,0
1769957235.748994,1292,2,0,0
1769957235.748994,1292,2,0,0
1769957235.748994,1292,2,0,0
1769957235.748994,1292,2,0,0
1769957235.748994,1292,2,0,0
1769957235.748994,1292,2,0,0
1769957235.748994,1292,2,0,0
1769957235.748994,1292,2,0,0
1769957235.748994,1292,2,0,0
1769957235.748994,1292,2,0,0
1769957235.748994,1292,2,0,0
1769957235.749603,1292,2,0,0
1769957235.749603,1292,2,0,0
1769957235.749603,1292,2,0,0
1769957235.749603,1292,2,0,0
1769957235.749603,1292,2,0,0
1769957235.749603,1292,2,0,0
1769957235.749603,1292,2,0,0
1769957235.749603,1292,2,0,0
1769957235.749603,1292,2,0,0
1769957235.749603,1292,2,0,0
1769957235.749603,1292,2,0,0
1769957235.749743,77,2,0,0
1769957235.749917,1292,2,0,0
1769957235.749917,1292,2,0,0
1769957235.749917,1292,2,0,0
1769957235.749917,1292,2,0,0
1769957235.749917,1292,2,0,0
1769957235.749917,1292,2,0,0
1769957235.749917,1292,2,0,0
1769957235.750094,77,2,0,0
1769957235.750113,1292,2,0,0
1769957235.750113,1292,2,0,0
1769957235.750113,1292,2,0,0
1769957235.750113,1292,2,0,0
1769957235.750113,1292,2,0,0
1769957235.750397,77,2,0,0
1769957235.750402,1292,2,0,0
1769957235.750557,1292,2,0,0
1769957235.750557,1292,2,0,0
1769957235.750557,1292,2,0,0
1769957235.750557,1292,2,0,0
1769957235.750691,77,2,0,0
1769957235.750691,1292,2,0,0
1769957235.750691,1292,2,0,0
1769957235.750691,1292,2,0,0
1769957235.750691,1292,2,0,0
1769957235.750836,1292,2,0,0
1769957235.750836,1292,2,0,0
1769957235.750836,1292,2,0,0
1769957235.750925,1292,2,0,0
1769957235.750925,1292,2,0,0
1769957235.750981,1292,2,0,0
1769957235.751026,1292,2,0,0
1769957235.751026,1292,2,0,0
1769957235.751084,1292,2,0,0
1769957235.751156,77,2,0,0
1769957235.751182,1292,2,0,0
1769957235.751182,1292,2,0,0
1769957235.751582,77,2,0,0
1769957235.751624,1292,2,0,0
1769957235.751624,1292,2,0,0
1769957235.751744,77,2,0,0
1769957235.751939,1292,2,0,0
1769957235.751939,1292,2,0,0
1769957235.751939,1292,2,0,0
1769957235.751939,1292,2,0,0
1769957235.751939,1292,2,0,0
1769957235.751939,1292,2,0,0
1769957235.751939,1292,2,0,0
1769957235.751939,1292,2,0,0
1769957235.751939,1292,2,0,0
1769957235.751939,1292,2,0,0
1769957235.752348,77,2,0,0
1769957235.752578,1292,2,0,0
1769957235.752578,1292,2,0,0
1769957235.752723,1292,2,0,0
1769957235.752723,1292,2,0,0
1769957235.752723,1292,2,0,0
1769957235.752723,1292,2,0,0
1769957235.752836,1292,2,0,0
1769957235.752836,1292,2,0,0
1769957235.752836,1292,2,0,0
1769957235.752869,77,2,0,0
1769957235.753837,1292,2,0,0
1769957235.753837,1292,2,0,0
1769957235.754007,1292,2,0,0
1769957235.754007,1292,2,0,0
1769957235.754007,1292,2,0,0
1769957235.754007,1292,2,0,0
1769957235.754129,1292,2,0,0
1769957235.754129,1292,2,0,0
1769957235.754129,1292,2,0,0
1769957235.754214,1292,2,0,0
1769957235.754214,1292,2,0,0
1769957235.754268,1292,2,0,0
1769957235.754305,1292,2,0,0
1769957235.754387,77,2,0,0
1769957235.754428,1292,2,0,0
1769957235.754428,1292,2,0,0
1769957235.754989,1292,2,0,0
1769957235.754989,1292,2,0,0
1769957235.754989,1292,2,0,0
1769957235.754989,1292,2,0,0
1769957235.754989,1292,2,0,0
1769957235.755363,1292,2,0,0
1769957235.755363,1292,2,0,0
1769957235.755363,1292,2,0,0
1769957235.755363,1292,2,0,0
1769957235.755363,1292,2,0,0
1769957235.755363,1292,2,0,0
1769957235.755363,1292,2,0,0
1769957235.755363,1292,2,0,0
1769957235.755363,1292,2,0,0
1769957235.755499,82,2,0,0
1769957235.755617,1292,2,0,0
1769957235.755617,1292,2,0,0
1769957235.755876,77,2,0,0
1769957235.756302,71,2,0,0
1769957235.756403,1292,2,0,0
1769957235.756521,1292,2,0,0
1769957235.756521,1292,2,0,0
1769957235.756521,1292,2,0,0
1769957235.75663,1292,2,0,0
1769957235.75663,1292,2,0,0
1769957235.75663,1292,2,0,0
1769957235.75674,1292,2,0,0
1769957235.75674,1292,2,0,0
1769957235.75674,1292,2,0,0
1769957235.756834,1292,2,0,0
1769957235.756892,1292,2,0,0
1769957235.756892,1292,2,0,0
1769957235.756957,77,2,0,0
1769957235.756963,1292,2,0,0
1769957235.757011,1292,2,0,0
1769957235.757435,77,2,0,0
1769957235.757656,1292,2,0,0
1769957235.757656,1292,2,0,0
1769957235.75784,1292,2,0,0
1769957235.75784,1292,2,0,0
1769957235.75784,1292,2,0,0
1769957235.765122,66,2,0,0
1769957235.768331,1292,2,0,0
1769957235.768331,1292,2,0,0
1769957235.768331,1292,2,0,0
1769957235.768709,75,2,0,0
1769957235.772501,54,1,0,0
1769957235.779655,76,2,0,0
1769957235.780599,1292,2,0,0
1769957235.780599,1292,2,0,0
1769957235.780599,1292,2,0,0
1769957235.780599,1292,2,0,0
1769957235.780867,1292,2,0,0
1769957235.780867,1292,2,0,0
1769957235.780867,1292,2,0,0
1769957235.780867,1292,2,0,0
1769957235.784708,1292,2,0,0
1769957235.784708,1292,2,0,0
1769957235.784708,1292,2,0,0
1769957235.784708,1292,2,0,0
1769957235.785094,75,2,0,0
1769957235.788658,70,2,0,0
1769957235.78901,1292,2,0,0
1769957235.78901,1292,2,0,0
1769957235.78901,1292,2,0,0
1769957235.78901,1292,2,0,0
1769957235.789272,1292,2,0,0
1769957235.789272,1292,2,0,0
1769957235.789272,1292,2,0,0
1769957235.789272,1292,2,0,0
1769957235.789686,1292,2,0,0
1769957235.789686,1292,2,0,0
1769957235.789686,1292,2,0,0
1769957235.789686,1292,2,0,0
1769957235.78971,74,2,0,0
1769957235.789747,1292,2,0,0
1769957235.789806,1292,2,0,0
1769957235.789806,1292,2,0,0
1769957235.78992,1292,2,0,0
1769957235.790056,1292,2,0,0
1769957235.790056,1292,2,0,0
1769957235.790056,1292,2,0,0
1769957235.790261,74,2,0,0
1769957235.790365,1292,2,0,0
1769957235.790365,1292,2,0,0
1769957235.790365,1292,2,0,0
1769957235.79057,1292,2,0,0
1769957235.79057,1292,2,0,0
1769957235.79057,1292,2,0,0
1769957235.79057,1292,2,0,0
1769957235.790663,1292,2,0,0
1769957235.790663,1292,2,0,0
1769957235.790663,1292,2,0,0
1769957235.790663,167,2,0,0
1769957235.790733,1285,2,0,0
1769957235.790763,1292,2,0,0
1769957235.79081,1292,2,0,0
1769957235.790931,1292,2,0,0
1769957235.790931,1292,2,0,0
1769957235.790955,74,2,0,0
1769957235.791096,1292,2,0,0
1769957235.791096,1292,2,0,0
1769957235.791096,1292,2,0,0
1769957235.791096,1292,2,0,0
1769957235.791298,74,2,0,0
1769957235.791401,1292,2,0,0
1769957235.791401,1292,2,0,0
1769957235.791471,1292,2,0,0
1769957235.791515,1292,2,0,0
1769957235.791664,1292,2,0,0
1769957235.791664,1292,2,0,0
1769957235.791812,1292,2,0,0
1769957235.791812,1292,2,0,0
1769957235.791812,1292,2,0,0
1769957235.791812,1292,2,0,0
1769957235.791968,1292,2,0,0
1769957235.791968,1292,2,0,0
1769957235.791968,1292,2,0,0
1769957235.791968,1292,2,0,0
1769957235.792059,1292,2,0,0
1769957235.792059,1292,2,0,0
1769957235.792074,75,2,0,0
1769957235.792119,1292,2,0,0
1769957235.792119,1292,2,0,0
1769957235.792173,1292,2,0,0
1769957235.792393,75,2,0,0
1769957235.792491,1292,2,0,0
1769957235.792581,1292,2,0,0
1769957235.792581,1292,2,0,0
1769957235.792655,1292,2,0,0
1769957235.792655,1292,2,0,0
1769957235.792655,1292,2,0,0
1769957235.79274,1292,2,0,0
1769957235.79274,1292,2,0,0
1769957235.792801,1292,2,0,0
1769957235.792915,1292,2,0,0
1769957235.792915,1292,2,0,0
1769957235.793024,1292,2,0,0
1769957235.793024,1292,2,0,0
1769957235.793103,1292,2,0,0
1769957235.793103,1292,2,0,0
1769957235.793103,1292,2,0,0
1769957235.79316,75,2,0,0
1769957235.793192,1292,2,0,0
1769957235.793232,1292,2,0,0
1769957235.793702,1292,2,0,0
1769957235.793702,1292,2,0,0
1769957235.793808,1292,2,0,0
1769957235.793808,1292,2,0,0
1769957235.793808,1292,2,0,0
1769957235.793869,1292,2,0,0
1769957235.793869,1292,2,0,0
1769957235.793908,1292,2,0,0
1769957235.793972,1292,2,0,0
1769957235.794163,1292,2,0,0
1769957235.794163,1292,2,0,0
1769957235.794163,1292,2,0,0
1769957235.794163,68,2,0,0
1769957235.794223,75,2,0,0
1769957235.794341,1292,2,0,0
1769957235.794341,1292,2,0,0
1769957235.794341,1292,2,0,0
1769957235.794341,1292,2,0,0
1769957235.794341,1292,2,0,0
1769957235.794374,75,2,0,0
1769957235.794442,1292,2,0,0
1769957235.794442,1292,2,0,0
1769957235.794995,1292,2,0,0
1769957235.794995,1292,2,0,0
1769957235.795165,1292,2,0,0
1769957235.795165,1292,2,0,0
1769957235.795165,1292,2,0,0
1769957235.795165,1292,2,0,0
1769957235.795212,1292,2,0,0
1769957235.795293,75,2,0,0
1769957235.795309,1292,2,0,0
1769957235.795309,1292,2,0,0
1769957235.795394,1292,2,0,0
1769957235.795394,1292,2,0,0
1769957235.795447,1292,2,0,0
1769957235.795447,1292,2,0,0
1769957235.79551,1292,2,0,0
1769957235.795539,75,2,0,0
1769957235.795574,1292,2,0,0
1769957235.79565,1292,2,0,0
1769957235.79565,1292,2,0,0
1769957235.795744,1292,2,0,0
1769957235.795796,1292,2,0,0
1769957235.795796,1292,2,0,0
1769957235.797662,1292,2,0,0
1769957235.7977,1292,2,0,0
1769957235.7977,1292,2,0,0
1769957235.797791,75,2,0,0
1769957235.797886,1292,2,0,0
1769957235.797886,1292,2,0,0
1769957235.797886,1292,2,0,0
1769957235.797886,1292,2,0,0
1769957235.797997,1292,2,0,0
1769957235.797997,1292,2,0,0
1769957235.798028,1292,2,0,0
1769957235.798028,1292,2,0,0
1769957235.798093,1292,2,0,0
1769957235.798164,1292,2,0,0
1769957235.798164,1292,2,0,0
1769957235.798211,1292,2,0,0
1769957235.798235,75,2,0,0
1769957235.798293,1292,2,0,0
1769957235.798293,1292,2,0,0
1769957235.798878,1292,2,0,0
1769957235.798911,1292,2,0,0
1769957235.798911,1292,2,0,0
1769957235.798965,1292,2,0,0
1769957235.799027,1292,2,0,0
1769957235.799086,1292,2,0,0
1769957235.799086,1292,2,0,0
1769957235.799134,80,2,0,0
1769957235.79914,1292,2,0,0
1769957235.799208,1292,2,0,0
1769957235.799262,1292,2,0,0
1769957235.799262,1292,2,0,0
1769957235.79932,1292,2,0,0
1769957235.799397,1292,2,0,0
1769957235.799397,1292,2,0,0
1769957235.799449,1292,2,0,0
1769957235.799511,1292,2,0,0
1769957235.799548,75,2,0,0
1769957235.799571,1292,2,0,0
1769957235.799571,1292,2,0,0
1769957235.799621,1292,2,0,0
1769957235.799684,1292,2,0,0
1769957235.799963,1292,2,0,0
1769957235.800019,1292,2,0,0
1769957235.800019,1292,2,0,0
1769957235.800073,1292,2,0,0
1769957235.800134,1292,2,0,0
1769957235.800192,1292,2,0,0
1769957235.800192,1292,2,0,0
1769957235.800236,75,2,0,0
1769957235.800244,1292,2,0,0
1769957235.800313,1292,2,0,0
1769957235.80037,1292,2,0,0
1769957235.80037,1292,2,0,0
1769957235.800426,1292,2,0,0
1769957235.803462,1292,2,0,0
1769957235.804925,1292,2,0,0
1769957235.804925,1292,2,0,0
1769957235.804925,1292,2,0,0
1769957235.804925,1292,2,0,0
1769957235.804925,1292,2,0,0
1769957235.804925,1292,2,0,0
1769957235.805084,1292,2,0,0
1769957235.805084,1292,2,0,0
1769957235.805131,1292,2,0,0
1769957235.805131,1292,2,0,0
1769957235.805131,1292,2,0,0
1769957235.805214,75,2,0,0
1769957235.80544,1292,2,0,0
1769957235.80544,1292,2,0,0
1769957235.805543,1292,2,0,0
1769957235.805543,1292,2,0,0
1769957235.805598,1292,2,0,0
1769957235.805598,1292,2,0,0
1769957235.80565,1292,2,0,0
1769957235.80565,1292,2,0,0
1769957235.805811,1292,2,0,0
1769957235.805811,1292,2,0,0
1769957235.805875,75,2,0,0
1769957235.805953,1292,2,0,0
1769957235.805953,1292,2,0,0
1769957235.805953,1292,2,0,0
1769957235.805953,1292,2,0,0
1769957235.80609,1292,2,0,0
1769957235.80609,1292,2,0,0
1769957235.80609,1292,2,0,0
1769957235.806175,1292,2,0,0
1769957235.806175,1292,2,0,0
1769957235.806233,1292,2,0,0
1769957235.806363,75,2,0,0
1769957235.808535,1292,2,0,0
1769957235.808535,1292,2,0,0
1769957235.808706,1292,2,0,0
1769957235.808706,1292,2,0,0
1769957235.808706,1292,2,0,0
1769957235.809036,75,2,0,0
1769957235.810766,1292,2,0,0
1769957235.810766,1292,2,0,0
1769957235.810766,1292,2,0,0
1769957235.810766,1292,2,0,0
1769957235.815281,74,2,0,0
1769957235.815389,1292,2,0,0
1769957235.815389,1292,2,0,0
1769957235.815389,1292,2,0,0
1769957235.815389,1292,2,0,0
1769957235.815389,1292,2,0,0
1769957235.815979,75,2,0,0
1769957235.816717,1292,2,0,0
1769957235.816717,1292,2,0,0
1769957235.816858,1292,2,0,0
1769957235.816858,1292,2,0,0
1769957235.816858,1292,2,0,0
1769957235.816954,1292,2,0,0
1769957235.816954,1292,2,0,0
1769957235.816954,1292,2,0,0
1769957235.816954,1292,2,0,0
1769957235.817035,1292,2,0,0
1769957235.817035,1292,2,0,0
1769957235.817113,1292,2,0,0
1769957235.817113,1292,2,0,0
1769957235.817421,75,2,0,0
1769957235.817767,1292,2,0,0
1769957235.817767,1292,2,0,0
1769957235.824516,1292,2,0,0
1769957235.824516,1292,2,0,0
1769957235.824516,1292,2,0,0
1769957235.824516,1292,2,0,0
1769957235.824705,1292,2,0,0
1769957235.824705,1292,2,0,0
1769957235.824705,1292,2,0,0
1769957235.824705,1292,2,0,0
1769957235.824705,1292,2,0,0
1769957235.825133,75,2,0,0
1769957235.827471,1292,2,0,0
1769957235.827471,1292,2,0,0
1769957235.827688,1292,2,0,0
1769957235.827688,1292,2,0,0
1769957235.827688,1292,2,0,0
1769957235.827688,1292,2,0,0
1769957235.827688,1292,2,0,0
1769957235.827846,1292,2,0,0
1769957235.827846,1292,2,0,0
1769957235.827846,1292,2,0,0
1769957235.827846,1292,2,0,0
1769957235.827946,75,2,0,0
1769957235.828186,1292,2,0,0
1769957235.828186,1292,2,0,0
1769957235.828377,1292,2,0,0
1769957235.828377,1292,2,0,0
1769957235.828377,1292,2,0,0
1769957235.828377,1292,2,0,0
1769957235.828524,1292,2,0,0
1769957235.828524,1292,2,0,0
1769957235.828524,1292,2,0,0
1769957235.828607,1292,2,0,0
1769957235.828607,1292,2,0,0
1769957235.828607,1292,2,0,0
1769957235.828687,75,2,0,0
1769957235.828703,1292,2,0,0
1769957235.828703,1292,2,0,0
1769957235.82878,1292,2,0,0
1769957235.828831,1292,2,0,0
1769957235.828831,1292,2,0,0
1769957235.828887,75,2,0,0
1769957235.828903,1292,2,0,0
1769957235.829176,1292,2,0,0
1769957235.829288,1292,2,0,0
1769957235.829288,1292,2,0,0
1769957235.829288,1292,2,0,0
1769957235.829438,1292,2,0,0
1769957235.829438,1292,2,0,0
1769957235.829591,1292,2,0,0
1769957235.829591,1292,2,0,0
1769957235.829591,1292,2,0,0
1769957235.829591,1292,2,0,0
1769957235.829591,1292,2,0,0
1769957235.829694,75,2,0,0
1769957235.829713,1292,2,0,0
1769957235.829713,1292,2,0,0
1769957235.829713,1292,2,0,0
1769957235.829816,1292,2,0,0
1769957235.829816,1292,2,0,0
1769957235.829816,1292,2,0,0
1769957235.829918,1292,2,0,0
1769957235.830002,75,2,0,0
1769957235.830011,1292,2,0,0
1769957235.832108,1292,2,0,0
1769957235.832108,1292,2,0,0
1769957235.832412,1292,2,0,0
1769957235.832412,1292,2,0,0
1769957235.832412,1292,2,0,0
1769957235.832412,1292,2,0,0
1769957235.832412,1292,2,0,0
1769957235.832412,1292,2,0,0
1769957235.832412,1292,2,0,0
1769957235.832519,1292,2,0,0
1769957235.832519,1292,2,0,0
1769957235.832519,1292,2,0,0
1769957235.832519,1292,2,0,0
1769957235.832583,1292,2,0,0
1769957235.832643,1292,2,0,0
1769957235.832643,1292,2,0,0
1769957235.832693,1292,2,0,0
1769957235.832722,75,2,0,0
1769957235.832802,1292,2,0,0
1769957235.832802,1292,2,0,0
1769957235.832848,1292,2,0,0
1769957235.832854,75,2,0,0
1769957235.833126,1292,2,0,0
1769957235.833213,1292,2,0,0
1769957235.833213,1292,2,0,0
1769957235.833328,1292,2,0,0
1769957235.833328,1292,2,0,0
1769957235.833401,1292,2,0,0
1769957235.833401,1292,2,0,0
1769957235.833444,1292,2,0,0
1769957235.833444,1292,2,0,0
1769957235.833506,1292,2,0,0
1769957235.833562,75,2,0,0
1769957235.833563,1292,2,0,0
1769957235.833666,1292,2,0,0
1769957235.833666,1292,2,0,0
1769957235.833809,1292,2,0,0
1769957235.833809,1292,2,0,0
1769957235.833809,1292,2,0,0
1769957235.833884,1292,2,0,0
1769957235.834007,75,2,0,0
1769957235.834092,1292,2,0,0
1769957235.834157,1292,2,0,0
1769957235.834157,1292,2,0,0
1769957235.834215,1292,2,0,0
1769957235.834266,1292,2,0,0
1769957235.834326,1292,2,0,0
1769957235.834326,1292,2,0,0
1769957235.83438,1292,2,0,0
1769957235.834463,1292,2,0,0
1769957235.834463,1292,2,0,0
1769957235.834517,1292,2,0,0
1769957235.834543,75,2,0,0
1769957235.834588,1292,2,0,0
1769957235.834588,1292,2,0,0
1769957235.83464,1292,2,0,0
1769957235.834741,1292,2,0,0
1769957235.834741,1292,2,0,0
1769957235.834862,1292,2,0,0
1769957235.834862,1292,2,0,0
1769957235.834862,1292,2,0,0
1769957235.834957,1292,2,0,0
1769957235.83503,80,2,0,0
1769957235.835211,1292,2,0,0
1769957235.835274,1292,2,0,0
1769957235.835274,1292,2,0,0
1769957235.835304,1292,2,0,0
1769957235.835375,1292,2,0,0
1769957235.835453,1292,2,0,0
1769957235.835453,1292,2,0,0
1769957235.83552,1292,2,0,0
1769957235.835574,1292,2,0,0
1769957235.835574,1292,2,0,0
1769957235.835654,1292,2,0,0
1769957235.835679,75,2,0,0
1769957235.835707,1292,2,0,0
1769957235.835707,1292,2,0,0
1769957235.835792,1292,2,0,0
1769957235.835853,1292,2,0,0
1769957235.835853,1292,2,0,0
1769957235.835934,1292,2,0,0
1769957235.83618,1292,2,0,0
1769957235.836248,1292,2,0,0
1769957235.836248,1292,2,0,0
1769957235.836296,1292,2,0,0
1769957235.83634,75,2,0,0
1769957235.836351,1292,2,0,0
1769957235.836409,1292,2,0,0
1769957235.836409,1292,2,0,0
1769957235.836496,1292,2,0,0
1769957235.836563,1292,2,0,0
1769957235.836563,1292,2,0,0
1769957235.836625,1292,2,0,0
1769957235.836672,1292,2,0,0
1769957235.836724,1292,2,0,0
1769957235.836724,1292,2,0,0
1769957235.836753,75,2,0,0
1769957235.8368,1292,2,0,0
1769957235.8368,1292,2,0,0
1769957235.83685,1292,2,0,0
1769957235.836936,1292,2,0,0
1769957235.836986,1292,2,0,0
1769957235.836986,1292,2,0,0
1769957235.837293,1292,2,0,0
1769957235.837345,1292,2,0,0
1769957235.837345,1292,2,0,0
1769957235.837417,1292,2,0,0
1769957235.837434,75,2,0,0
1769957235.837487,1292,2,0,0
1769957235.837487,1292,2,0,0
1769957235.837565,1292,2,0,0
1769957235.837565,1292,2,0,0
1769957235.837603,1292,2,0,0
1769957235.837675,1292,2,0,0
1769957235.83777,1292,2,0,0
1769957235.83777,1292,2,0,0
1769957235.837874,1292,2,0,0
1769957235.8379,1292,2,0,0
1769957235.8379,1292,2,0,0
1769957235.837938,1292,2,0,0
1769957235.837961,75,2,0,0
1769957235.837997,1292,2,0,0
1769957235.838248,1292,2,0,0
1769957235.838312,1292,2,0,0
1769957235.838312,1292,2,0,0
1769957235.838358,1292,2,0,0
1769957235.838426,1292,2,0,0
1769957235.838484,1292,2,0,0
1769957235.838484,1292,2,0,0
1769957235.838501,75,2,0,0
1769957235.838539,1292,2,0,0
1769957235.838614,1292,2,0,0
1769957235.838663,1292,2,0,0
1769957235.838663,1292,2,0,0
1769957235.838737,1292,2,0,0
1769957235.83879,1292,2,0,0
1769957235.83879,1292,2,0,0
1769957235.838845,1292,2,0,0
1769957235.838894,75,2,0,0
1769957235.838911,1292,2,0,0
1769957235.838968,1292,2,0,0
1769957235.838968,1292,2,0,0
1769957235.839047,1292,2,0,0
1769957235.839047,1292,2,0,0
1769957235.840873,1292,2,0,0
1769957235.8409,1292,2,0,0
1769957235.8409,1292,2,0,0
1769957235.840956,1292,2,0,0
1769957235.84103,1292,2,0,0
1769957235.841086,1292,2,0,0
1769957235.841086,1292,2,0,0
1769957235.841128,1292,2,0,0
1769957235.841212,1292,2,0,0
1769957235.841212,1292,2,0,0
1769957235.841227,75,2,0,0
1769957235.841263,1292,2,0,0
1769957235.841345,1292,2,0,0
1769957235.841401,1292,2,0,0
1769957235.841401,1292,2,0,0
1769957235.841498,1292,2,0,0
1769957235.841498,1292,2,0,0
1769957235.841586,1292,2,0,0
1769957235.841621,1292,2,0,0
1769957235.841644,75,2,0,0
1769957235.841702,1292,2,0,0
1769957235.841702,1292,2,0,0
1769957235.841967,1292,2,0,0
1769957235.842027,1292,2,0,0
1769957235.842027,1292,2,0,0
1769957235.842072,1292,2,0,0
1769957235.842145,1292,2,0,0
1769957235.842219,1292,2,0,0
1769957235.842219,1292,2,0,0
1769957235.842291,1292,2,0,0
1769957235.842333,1292,2,0,0
1769957235.842333,1292,2,0,0
1769957235.842391,1292,2,0,0
1769957235.84247,1292,2,0,0
1769957235.84247,1292,2,0,0
1769957235.842572,1292,2,0,0
1769957235.842572,1292,2,0,0
1769957235.842646,1292,2,0,0
1769957235.842646,1292,2,0,0
1769957235.842753,75,2,0,0
1769957235.842889,75,2,0,0
1769957235.844402,1292,2,0,0
1769957235.844476,1292,2,0,0
1769957235.844476,1292,2,0,0
1769957235.844476,1292,2,0,0
1769957235.844532,1292,2,0,0
1769957235.844532,1292,2,0,0
1769957235.844564,1292,2,0,0
1769957235.844631,1292,2,0,0
1769957235.844733,1292,2,0,0
1769957235.844733,1292,2,0,0
1769957235.844806,1292,2,0,0
1769957235.84483,1292,2,0,0
1769957235.844865,1292,2,0,0
1769957235.844865,1292,2,0,0
1769957235.844918,1292,2,0,0
1769957235.844939,75,2,0,0
1769957235.844982,1292,2,0,0
1769957235.845044,1292,2,0,0
1769957235.845044,1292,2,0,0
1769957235.845099,1292,2,0,0
1769957235.845161,1292,2,0,0
1769957235.845169,75,2,0,0
1769957235.845477,1292,2,0,0
1769957235.845546,1292,2,0,0
1769957235.845546,1292,2,0,0
1769957235.845595,1292,2,0,0
1769957235.84565,1292,2,0,0
1769957235.84571,1292,2,0,0
1769957235.84571,1292,2,0,0
1769957235.845765,1292,2,0,0
1769957235.845826,1292,2,0,0
1769957235.845841,75,2,0,0
1769957235.845884,1292,2,0,0
1769957235.845884,1292,2,0,0
1769957235.845936,1292,2,0,0
1769957235.846001,1292,2,0,0
1769957235.846056,1292,2,0,0
1769957235.846056,1292,2,0,0
1769957235.846109,1292,2,0,0
1769957235.846186,1292,2,0,0
1769957235.846243,1292,2,0,0
1769957235.846243,1292,2,0,0
1769957235.846327,75,2,0,0
1769957235.846614,1292,2,0,0
1769957235.846675,1292,2,0,0
1769957235.846675,1292,2,0,0
1769957235.849671,1292,2,0,0
1769957235.849707,1292,2,0,0
1769957235.849707,1292,2,0,0
1769957235.849733,1292,2,0,0
1769957235.849796,1292,2,0,0
1769957235.849855,1292,2,0,0
1769957235.849855,1292,2,0,0
1769957235.849907,1292,2,0,0
1769957235.849987,1292,2,0,0
1769957235.849987,1292,2,0,0
1769957235.849997,75,2,0,0
1769957235.850106,1292,2,0,0
1769957235.850237,1292,2,0,0
1769957235.850237,1292,2,0,0
1769957235.850237,1292,2,0,0
1769957235.85034,1292,2,0,0
1769957235.85034,1292,2,0,0
1769957235.85034,1292,2,0,0
1769957235.850414,1292,2,0,0
1769957235.850449,75,2,0,0
1769957235.850457,1292,2,0,0
1769957235.850457,1292,2,0,0
1769957235.851449,1292,2,0,0
1769957235.851525,1292,2,0,0
1769957235.851525,1292,2,0,0
1769957235.851579,1292,2,0,0
1769957235.851626,1292,2,0,0
1769957235.851671,1292,2,0,0
1769957235.851733,1292,2,0,0
1769957235.851733,1292,2,0,0
1769957235.851806,1292,2,0,0
1769957235.851806,1292,2,0,0
1769957235.851814,75,2,0,0
1769957235.85186,701,2,0,0
1769957235.8665,76,2,0,0
1769957235.867401,1286,2,0,0
1769957235.86745,1292,2,0,0
1769957235.867464,1292,2,0,0
1769957235.867477,1261,2,0,0
1769957235.876379,272,1,0,0
1769957235.876379,85,1,0,0
1769957235.876458,54,1,0,0
1769957235.876546,1288,2,0,0
1769957235.876627,1292,2,0,0
1769957235.876669,730,2,0,0
1769957235.890041,68,2,0,0
1769957235.893311,1286,2,0,0
1769957235.893432,1292,2,0,0
1769957235.893481,1292,2,0,0
1769957235.89354,1292,2,0,0
1769957235.893591,416,2,0,0
1769957235.897139,69,2,0,0
1769957235.897139,65,2,0,0
1769957235.906756,94,2,0,0
1769957235.912738,1288,2,0,0
1769957235.912738,1292,2,0,0
1769957235.912738,1292,2,0,0
1769957235.914178,1292,2,0,0
1769957235.914178,1292,2,0,0
1769957235.914221,1292,2,0,0
1769957235.914282,1292,2,0,0
1769957235.914282,1292,2,0,0
1769957235.914521,1292,2,0,0
1769957235.914521,1292,2,0,0
1769957235.914521,1292,2,0,0
1769957235.914521,1292,2,0,0
1769957235.914562,78,2,0,0
1769957235.914643,1292,2,0,0
1769957235.914643,1292,2,0,0
1769957235.914923,1292,2,0,0
1769957235.914923,1292,2,0,0
1769957235.914923,1292,2,0,0
1769957235.915028,1292,2,0,0
1769957235.915028,1292,2,0,0
1769957235.915084,1292,2,0,0
1769957235.915084,1292,2,0,0
1769957235.915115,1292,2,0,0
1769957235.91518,1292,2,0,0
1769957235.915238,1292,2,0,0
1769957235.915238,1292,2,0,0
1769957235.915269,74,2,0,0
1769957235.915293,1292,2,0,0
1769957235.915386,1292,2,0,0
1769957235.916793,1292,2,0,0
1769957235.916793,1292,2,0,0
1769957235.916835,1292,2,0,0
1769957235.916934,1292,2,0,0
1769957235.916934,1292,2,0,0
1769957235.917026,74,2,0,0
1769957235.917126,1292,2,0,0
1769957235.917126,1292,2,0,0
1769957235.917126,1292,2,0,0
1769957235.91721,1292,2,0,0
1769957235.91721,1292,2,0,0
1769957235.91721,1292,2,0,0
1769957235.917401,74,2,0,0
1769957235.917624,1292,2,0,0
1769957235.917683,1292,2,0,0
1769957235.917683,1292,2,0,0
1769957235.917735,1292,2,0,0
1769957235.917922,1292,2,0,0
1769957235.917922,1292,2,0,0
1769957235.917922,1292,2,0,0
1769957235.918035,1292,2,0,0
1769957235.918035,1292,2,0,0
1769957235.918035,1292,2,0,0
1769957235.91809,1292,2,0,0
1769957235.91812,1292,2,0,0
1769957235.91812,1292,2,0,0
1769957235.918169,74,2,0,0
1769957235.918182,1292,2,0,0
1769957235.918236,1292,2,0,0
1769957235.918298,1292,2,0,0
1769957235.918298,1292,2,0,0
1769957235.918367,1292,2,0,0
1769957235.918425,1292,2,0,0
1769957235.918425,1292,2,0,0
1769957235.918746,1292,2,0,0
1769957235.918836,1292,2,0,0
1769957235.918836,1292,2,0,0
1769957235.918881,74,2,0,0
1769957235.918896,1292,2,0,0
1769957235.918925,1292,2,0,0
1769957235.918975,1292,2,0,0
1769957235.918975,1292,2,0,0
1769957235.919035,1292,2,0,0
1769957235.9191,1292,2,0,0
1769957235.9191,1292,2,0,0
1769957235.919143,1292,2,0,0
1769957235.919189,75,2,0,0
1769957235.919213,1292,2,0,0
1769957235.919323,1292,2,0,0
1769957235.919323,1292,2,0,0
1769957235.919442,1292,2,0,0
1769957235.919442,1292,2,0,0
1769957235.919442,1292,2,0,0
1769957235.919698,1292,2,0,0
1769957235.919756,1292,2,0,0
1769957235.919756,1292,2,0,0
1769957235.919862,75,2,0,0
1769957235.919947,1292,2,0,0
1769957235.919947,1292,2,0,0
1769957235.920054,1292,2,0,0
1769957235.920054,1292,2,0,0
1769957235.920054,1292,2,0,0
1769957235.920154,1292,2,0,0
1769957235.920154,1292,2,0,0
1769957235.920154,1292,2,0,0
1769957235.920227,1292,2,0,0
1769957235.920227,1292,2,0,0
1769957235.920276,1292,2,0,0
1769957235.920331,1292,2,0,0
1769957235.920331,1292,2,0,0
1769957235.920412,75,2,0,0
1769957235.920405,1292,2,0,0
1769957235.920501,1292,2,0,0
1769957235.920573,1292,2,0,0
1769957235.920573,1292,2,0,0
1769957235.920954,1292,2,0,0
1769957235.921012,1292,2,0,0
1769957235.921012,1292,2,0,0
1769957235.921092,1292,2,0,0
1769957235.921133,75,2,0,0
1769957235.921172,1292,2,0,0
1769957235.921221,1292,2,0,0
1769957235.921221,1292,2,0,0
1769957235.921287,1292,2,0,0
1769957235.921287,1292,2,0,0
1769957235.9215,1292,2,0,0
1769957235.9215,231,2,0,0
1769957235.9215,1285,2,0,0
1769957235.9215,1292,2,0,0
1769957235.9215,1292,2,0,0
1769957235.921659,1292,2,0,0
1769957235.921659,1292,2,0,0
1769957235.921659,1292,2,0,0
1769957235.921679,75,2,0,0
1769957235.921747,1292,2,0,0
1769957235.921747,1292,2,0,0
1769957235.921747,1292,2,0,0
1769957235.922066,1292,2,0,0
1769957235.92211,1292,2,0,0
1769957235.92211,1292,2,0,0
1769957235.922233,75,2,0,0
1769957235.922238,1292,2,0,0
1769957235.922238,1292,2,0,0
1769957235.922378,1292,2,0,0
1769957235.922378,1292,2,0,0
1769957235.922448,1292,2,0,0
1769957235.922448,1292,2,0,0
1769957235.922448,1292,2,0,0
1769957235.922491,1292,2,0,0
1769957235.922491,1292,2,0,0
1769957235.922547,1292,2,0,0
1769957235.922615,1292,2,0,0
1769957235.922632,75,2,0,0
1769957235.92267,1292,2,0,0
1769957235.92267,1292,2,0,0
1769957235.922677,74,2,0,0
1769957235.922749,1292,2,0,0
1769957235.922814,1292,2,0,0
1769957235.922814,1292,2,0,0
1769957235.923099,1292,2,0,0
1769957235.923155,1292,2,0,0
1769957235.923155,1292,2,0,0
1769957235.923204,1292,2,0,0
1769957235.923279,1292,2,0,0
1769957235.923335,1292,2,0,0
1769957235.923335,1292,2,0,0
1769957235.923346,75,2,0,0
1769957235.92341,1292,2,0,0
1769957235.923475,1292,2,0,0
1769957235.923475,1292,2,0,0
1769957235.923597,1292,2,0,0
1769957235.923597,1292,2,0,0
1769957235.92366,1292,2,0,0
1769957235.92369,1292,2,0,0
1769957235.923725,1292,2,0,0
1769957235.923725,1292,2,0,0
1769957235.923735,75,2,0,0
1769957235.923773,1292,2,0,0
1769957235.926698,69,2,0,0
1769957235.926698,65,2,0,0
1769957235.927715,1292,2,0,0
1769957235.927755,1292,2,0,0
1769957235.927809,1292,2,0,0
1769957235.929671,1292,2,0,0
1769957235.929734,1292,2,0,0
1769957235.929734,1292,2,0,0
1769957235.929774,1292,2,0,0
1769957235.92984,1292,2,0,0
1769957235.929874,75,2,0,0
1769957235.929977,1292,2,0,0
1769957235.929977,1292,2,0,0
1769957235.929977,1292,2,0,0
1769957235.930068,1292,2,0,0
1769957235.930097,1292,2,0,0
1769957235.930097,1292,2,0,0
1769957235.930138,1292,2,0,0
1769957235.930205,1292,2,0,0
1769957235.930255,1292,2,0,0
1769957235.930255,1292,2,0,0
1769957235.930305,1292,2,0,0
1769957235.930366,1292,2,0,0
1769957235.930416,75,2,0,0
1769957235.930424,1292,2,0,0
1769957235.930424,1292,2,0,0
1769957235.930482,1292,2,0,0
1769957235.930775,1292,2,0,0
1769957235.930833,1292,2,0,0
1769957235.930833,1292,2,0,0
1769957235.930885,1292,2,0,0
1769957235.930934,75,2,0,0
1769957235.930948,1292,2,0,0
1769957235.931023,1292,2,0,0
1769957235.931089,1292,2,0,0
1769957235.931089,1292,2,0,0
1769957235.931129,1292,2,0,0
1769957235.931263,1292,2,0,0
1769957235.931263,1292,2,0,0
1769957235.931263,1292,2,0,0
1769957235.931329,1292,2,0,0
1769957235.931329,1292,2,0,0
1769957235.931369,1292,2,0,0
1769957235.931413,75,2,0,0
1769957235.93149,1292,2,0,0
1769957235.931534,1292,2,0,0
1769957235.931789,1292,2,0,0
1769957235.931842,1292,2,0,0
1769957235.931842,1292,2,0,0
1769957235.931893,1292,2,0,0
1769957235.931958,1292,2,0,0
1769957235.932012,1292,2,0,0
1769957235.932174,1292,2,0,0
1769957235.932174,1292,2,0,0
1769957235.932265,1292,2,0,0
1769957235.932265,1292,2,0,0
1769957235.932265,1292,2,0,0
1769957235.932284,75,2,0,0
1769957235.932323,1292,2,0,0
1769957235.932323,1292,2,0,0
1769957235.932357,1292,2,0,0
1769957235.932405,1292,2,0,0
1769957235.932462,1292,2,0,0
1769957235.932462,1292,2,0,0
1769957235.932513,1292,2,0,0
1769957235.932574,1292,2,0,0
1769957235.932594,80,2,0,0
1769957235.932632,1292,2,0,0
1769957235.932908,1292,2,0,0
1769957235.932963,1292,2,0,0
1769957235.932963,1292,2,0,0
1769957235.933015,1292,2,0,0
1769957235.933079,1292,2,0,0
1769957235.933193,1292,2,0,0
1769957235.933246,1292,2,0,0
1769957235.933246,1292,2,0,0
1769957235.933289,1292,2,0,0
1769957235.933331,1292,2,0,0
1769957235.933334,75,2,0,0
1769957235.933331,1292,2,0,0
1769957235.933397,1292,2,0,0
1769957235.933456,1292,2,0,0
1769957235.933456,1292,2,0,0
1769957235.933523,1292,2,0,0
1769957235.933582,1292,2,0,0
1769957235.933582,1292,2,0,0
1769957235.933788,75,2,0,0
1769957235.934135,1292,2,0,0
1769957235.93417,1292,2,0,0
1769957235.93417,1292,2,0,0
1769957235.934221,1292,2,0,0
1769957235.934292,1292,2,0,0
1769957235.93435,1292,2,0,0
1769957235.93435,1292,2,0,0
1769957235.934438,1292,2,0,0
1769957235.934486,1292,2,0,0
1769957235.934486,1292,2,0,0
1769957235.934548,1292,2,0,0
1769957235.934618,75,2,0,0
1769957235.934632,1292,2,0,0
1769957235.934747,1292,2,0,0
1769957235.934747,1292,2,0,0
1769957235.934747,1292,2,0,0
1769957235.934821,1292,2,0,0
1769957235.934861,1292,2,0,0
1769957235.934861,1292,2,0,0
1769957235.934901,1292,2,0,0
1769957235.934959,1292,2,0,0
1769957235.935124,75,2,0,0
1769957235.937028,1292,2,0,0
1769957235.937097,1292,2,0,0
1769957235.937097,1292,2,0,0
1769957235.937125,1292,2,0,0
1769957235.937188,1292,2,0,0
1769957235.937254,1292,2,0,0
1769957235.937254,1292,2,0,0
1769957235.937305,1292,2,0,0
1769957235.937371,1292,2,0,0
1769957235.937424,1292,2,0,0
1769957235.937424,1292,2,0,0
1769957235.93748,1292,2,0,0
1769957235.937522,75,2,0,0
1769957235.937542,1292,2,0,0
1769957235.937605,1292,2,0,0
1769957235.937605,1292,2,0,0
1769957235.937649,1292,2,0,0
1769957235.937947,1292,2,0,0
1769957235.938015,1292,2,0,0
1769957235.938015,1292,2,0,0
1769957235.938057,1292,2,0,0
1769957235.938131,1292,2,0,0
1769957235.938179,1292,2,0,0
1769957235.938179,1292,2,0,0
1769957235.938194,75,2,0,0
1769957235.938236,1292,2,0,0
1769957235.938318,1292,2,0,0
1769957235.938318,1292,2,0,0
1769957235.938363,1292,2,0,0
1769957235.938436,1292,2,0,0
1769957235.938491,1292,2,0,0
1769957235.938491,1292,2,0,0
1769957235.938564,1292,2,0,0
1769957235.938586,75,2,0,0
1769957235.938628,1292,2,0,0
1769957235.938628,1292,2,0,0
1769957235.938678,1292,2,0,0
1769957235.938737,1292,2,0,0
1769957235.938821,1292,2,0,0
1769957235.939051,1292,2,0,0
1769957235.939113,1292,2,0,0
1769957235.939113,1292,2,0,0
1769957235.939192,1292,2,0,0
1769957235.939192,1292,2,0,0
1769957235.939246,1292,2,0,0
1769957235.939258,75,2,0,0
1769957235.939341,1292,2,0,0
1769957235.939419,1292,2,0,0
1769957235.939419,1292,2,0,0
1769957235.93948,1292,2,0,0
1769957235.939509,1292,2,0,0
1769957235.939509,1292,2,0,0
1769957235.939557,1292,2,0,0
1769957235.939626,1292,2,0,0
1769957235.939678,1292,2,0,0
1769957235.939678,1292,2,0,0
1769957235.939721,75,2,0,0
1769957235.939978,1292,2,0,0
1769957235.940105,1292,2,0,0
1769957235.940105,1292,2,0,0
1769957235.940171,1292,2,0,0
1769957235.940171,1292,2,0,0
1769957235.940215,1292,2,0,0
1769957235.940215,1292,2,0,0
1769957235.940263,1292,2,0,0
1769957235.940366,1292,2,0,0
1769957235.940409,75,2,0,0
1769957235.940417,1292,2,0,0
1769957235.940417,1292,2,0,0
1769957235.940489,1292,2,0,0
1769957235.940543,1292,2,0,0
1769957235.940543,1292,2,0,0
1769957235.940619,1292,2,0,0
1769957235.940619,1292,2,0,0
1769957235.940665,1292,2,0,0
1769957235.940737,1292,2,0,0
1769957235.940737,1292,2,0,0
1769957235.940796,1292,2,0,0
1769957235.940843,75,2,0,0
1769957235.943142,1292,2,0,0
1769957235.943243,1292,2,0,0
1769957235.943243,1292,2,0,0
1769957235.943243,1292,2,0,0
1769957235.943289,1292,2,0,0
1769957235.943354,1292,2,0,0
1769957235.943354,1292,2,0,0
1769957235.943408,1292,2,0,0
1769957235.943469,1292,2,0,0
1769957235.943527,1292,2,0,0
1769957235.943527,1292,2,0,0
1769957235.943601,1292,2,0,0
1769957235.943671,1292,2,0,0
1769957235.943671,1292,2,0,0
1769957235.943735,1292,2,0,0
1769957235.943737,75,2,0,0
1769957235.943797,1292,2,0,0
1769957235.943797,1292,2,0,0
1769957235.943875,1292,2,0,0
1769957235.943875,1292,2,0,0
1769957235.943928,1292,2,0,0
1769957235.944032,75,2,0,0
1769957235.944223,1292,2,0,0
1769957235.944263,1292,2,0,0
1769957235.944284,1292,2,0,0
1769957235.944326,1292,2,0,0
1769957235.944385,1292,2,0,0
1769957235.944443,1292,2,0,0
1769957235.944443,1292,2,0,0
1769957235.944492,1292,2,0,0
1769957235.944564,1292,2,0,0
1769957235.944591,75,2,0,0
1769957235.944668,1292,2,0,0
1769957235.944726,1292,2,0,0
1769957235.944726,1292,2,0,0
1769957235.944767,1292,2,0,0
1769957235.9448,1292,2,0,0
1769957235.9448,1292,2,0,0
1769957235.944926,1292,2,0,0
1769957235.945424,1292,2,0,0
1769957235.945453,1292,2,0,0
1769957235.945453,1292,2,0,0
1769957235.945497,1292,2,0,0
1769957235.94556,1292,2,0,0
1769957235.945616,1292,2,0,0
1769957235.945616,1292,2,0,0
1769957235.945671,1292,2,0,0
1769957235.945684,75,2,0,0
1769957235.945827,1292,2,0,0
1769957235.945827,1292,2,0,0
1769957235.945827,1292,2,0,0
1769957235.945905,1292,2,0,0
1769957235.94595,1292,2,0,0
1769957235.94595,1292,2,0,0
1769957235.945978,75,2,0,0
1769957235.945986,1292,2,0,0
1769957235.946136,1292,2,0,0
1769957235.946136,1292,2,0,0
1769957235.946269,1292,2,0,0
1769957235.946269,1292,2,0,0
1769957235.946269,1292,2,0,0
1769957235.946492,1292,2,0,0
1769957235.946543,1292,2,0,0
1769957235.946543,1292,2,0,0
1769957235.946593,1292,2,0,0
1769957235.946662,1292,2,0,0
1769957235.946702,75,2,0,0
1769957235.946723,1292,2,0,0
1769957235.946723,1292,2,0,0
1769957235.946779,1292,2,0,0
1769957235.946837,1292,2,0,0
1769957235.946892,1292,2,0,0
1769957235.946892,1292,2,0,0
1769957235.946946,1292,2,0,0
1769957235.946984,75,2,0,0
1769957235.947015,1292,2,0,0
1769957235.947077,1292,2,0,0
1769957235.947077,1292,2,0,0
1769957235.94714,1292,2,0,0
1769957235.947193,1292,2,0,0
1769957235.947559,1292,2,0,0
1769957235.947633,1292,2,0,0
1769957235.947633,1292,2,0,0
1769957235.947668,1292,2,0,0
1769957235.94773,1292,2,0,0
1769957235.94779,1292,2,0,0
1769957235.947841,1292,2,0,0
1769957235.947841,1292,2,0,0
1769957235.947866,75,2,0,0
1769957235.947918,1292,2,0,0
1769957235.947976,1292,2,0,0
1769957235.947976,1292,2,0,0
1769957235.948042,1292,2,0,0
1769957235.948155,1292,2,0,0
1769957235.948155,1292,2,0,0
1769957235.948226,1292,2,0,0
1769957235.948226,1292,2,0,0
1769957235.948284,1292,2,0,0
1769957235.948284,1292,2,0,0
1769957235.948296,80,2,0,0
1769957235.948335,1292,2,0,0
1769957235.948392,1292,2,0,0
1769957235.948701,1292,2,0,0
1769957235.948765,1292,2,0,0
1769957235.948765,1292,2,0,0
1769957235.948872,1292,2,0,0
1769957235.948922,1292,2,0,0
1769957235.948922,1292,2,0,0
1769957235.948973,1292,2,0,0
1769957235.949013,75,2,0,0
1769957235.952271,66,2,0,0
1769957235.952674,73,2,0,0
1769957235.952938,1292,2,0,0
1769957235.95608,1292,2,0,0
1769957235.95608,1292,2,0,0
1769957235.956147,1292,2,0,0
1769957235.956208,1292,2,0,0
1769957235.956208,1292,2,0,0
1769957235.956284,1292,2,0,0
1769957235.956317,1292,2,0,0
1769957235.95638,1292,2,0,0
1769957235.95638,1292,2,0,0
1769957235.956515,1292,2,0,0
1769957235.956515,1292,2,0,0
1769957235.956567,75,2,0,0
1769957235.956612,1292,2,0,0
1769957235.956612,1292,2,0,0
1769957235.956612,1292,2,0,0
1769957235.956711,1292,2,0,0
1769957235.956711,1292,2,0,0
1769957235.956793,1292,2,0,0
1769957235.956822,1292,2,0,0
1769957235.956822,1292,2,0,0
1769957235.956899,1292,2,0,0
1769957235.957045,75,2,0,0
1769957235.957204,1292,2,0,0
1769957235.957288,1292,2,0,0
1769957235.957288,1292,2,0,0
1769957235.957288,1292,2,0,0
1769957235.957367,1292,2,0,0
1769957235.957401,1292,2,0,0
1769957235.957401,1292,2,0,0
1769957235.957443,1292,2,0,0
1769957235.957528,1292,2,0,0
1769957235.957528,1292,2,0,0
1769957235.957744,1292,2,0,0
1769957235.95775,75,2,0,0
1769957235.957877,1292,2,0,0
1769957235.957877,1292,2,0,0
1769957235.957877,1292,2,0,0
1769957235.957877,1292,2,0,0
1769957235.96619,76,2,0,0
1769957235.975659,141,2,0,0
1769957235.976083,63,2,0,0
1769957235.976497,77,2,0,0
1769957235.976638,77,2,0,0
1769957235.989603,599,2,0,0
1769957235.989603,241,2,0,0
1769957235.98994,77,2,0,0
1769957235.997801,71,2,0,0
1769957236.004586,1292,2,0,0
1769957236.004586,1292,2,0,0
1769957236.004586,1292,2,0,0
1769957236.004703,1292,2,0,0
1769957236.010482,1292,2,0,0
1769957236.010482,1292,2,0,0
1769957236.010577,1292,2,0,0
1769957236.010577,1292,2,0,0
1769957236.010663,1292,2,0,0
1769957236.010723,1292,2,0,0
1769957236.010775,1292,2,0,0
1769957236.010779,74,2,0,0
1769957236.01205,1292,2,0,0
1769957236.01211,1292,2,0,0
1769957236.012173,1292,2,0,0
1769957236.0123,1292,2,0,0
1769957236.012409,1292,2,0,0
1769957236.012484,1292,2,0,0
1769957236.012697,1292,2,0,0
1769957236.012738,1292,2,0,0
1769957236.012756,1292,2,0,0
1769957236.012861,74,2,0,0
1769957236.012885,1292,2,0,0
1769957236.012957,1292,2,0,0
1769957236.013069,1292,2,0,0
1769957236.013155,1292,2,0,0
1769957236.013267,1292,2,0,0
1769957236.013353,1292,2,0,0
1769957236.013456,1292,2,0,0
1769957236.013555,1292,2,0,0
1769957236.01365,1292,2,0,0
1769957236.01375,1292,2,0,0
1769957236.013834,1292,2,0,0
1769957236.013867,74,2,0,0
1769957236.018563,1288,2,0,0
1769957236.018563,1079,2,0,0
1769957236.019003,77,2,0,0
1769957236.01921,163,2,0,0
1769957236.023668,1292,2,0,0
1769957236.023757,1292,2,0,0
1769957236.023792,1292,2,0,0
1769957236.023936,1292,2,0,0
1769957236.023983,1292,2,0,0
1769957236.024061,74,2,0,0
1769957236.024154,1292,2,0,0
1769957236.024196,1292,2,0,0
1769957236.024353,1292,2,0,0
1769957236.024419,1292,2,0,0
1769957236.024528,1292,2,0,0
1769957236.024581,1292,2,0,0
1769957236.024646,74,2,0,0
1769957236.024702,1292,2,0,0
1769957236.024778,1292,2,0,0
1769957236.0249,1292,2,0,0
1769957236.025029,1292,2,0,0
1769957236.025083,1292,2,0,0
1769957236.025221,1292,2,0,0
1769957236.025299,1292,2,0,0
1769957236.025457,1292,2,0,0
1769957236.025532,1292,2,0,0
1769957236.033378,1292,2,0,0
1769957236.033378,1292,2,0,0
1769957236.033378,1292,2,0,0
1769957236.033607,74,2,0,0
1769957236.033715,1292,2,0,0
1769957236.033715,1292,2,0,0
1769957236.033715,1292,2,0,0
1769957236.033715,1292,2,0,0
1769957236.033715,1292,2,0,0
1769957236.033715,1292,2,0,0
1769957236.033715,1292,2,0,0
1769957236.033715,1292,2,0,0
1769957236.033946,1292,2,0,0
1769957236.033946,1292,2,0,0
1769957236.033946,1292,2,0,0
1769957236.033946,1292,2,0,0
1769957236.033946,1292,2,0,0
1769957236.033946,1292,2,0,0
1769957236.033946,1292,2,0,0
1769957236.034006,1292,2,0,0
1769957236.034006,1292,2,0,0
1769957236.034243,1292,2,0,0
1769957236.034329,1292,2,0,0
1769957236.034329,1292,2,0,0
1769957236.034329,1292,2,0,0
1769957236.034392,1292,2,0,0
1769957236.034409,1292,2,0,0
1769957236.034409,1292,2,0,0
1769957236.034465,1292,2,0,0
1769957236.03449,74,2,0,0
1769957236.03456,1292,2,0,0
1769957236.03456,1292,2,0,0
1769957236.034625,1292,2,0,0
1769957236.034678,1292,2,0,0
1769957236.034678,1292,2,0,0
1769957236.03473,1292,2,0,0
1769957236.03481,1292,2,0,0
1769957236.03481,1292,2,0,0
1769957236.034863,1292,2,0,0
1769957236.034908,75,2,0,0
1769957236.034989,75,2,0,0
1769957236.035677,1292,2,0,0
1769957236.035715,1292,2,0,0
1769957236.035715,1292,2,0,0
1769957236.035757,1292,2,0,0
1769957236.03585,75,2,0,0
1769957236.03587,1292,2,0,0
1769957236.03587,1292,2,0,0
1769957236.035947,1292,2,0,0
1769957236.035947,1292,2,0,0
1769957236.035987,1292,2,0,0
1769957236.035987,676,2,0,0
1769957236.036046,1285,2,0,0
1769957236.036101,1292,2,0,0
1769957236.036101,1292,2,0,0
1769957236.036207,1292,2,0,0
1769957236.036207,1292,2,0,0
1769957236.03626,1292,2,0,0
1769957236.036304,1292,2,0,0
1769957236.036355,75,2,0,0
1769957236.036356,1292,2,0,0
1769957236.036356,1292,2,0,0
1769957236.036408,1292,2,0,0
1769957236.036731,1292,2,0,0
1769957236.036754,1292,2,0,0
1769957236.036754,1292,2,0,0
1769957236.036808,1292,2,0,0
1769957236.036869,1292,2,0,0
1769957236.03692,75,2,0,0
1769957236.036938,1292,2,0,0
1769957236.03698,1292,2,0,0
1769957236.03698,1292,2,0,0
1769957236.037052,1292,2,0,0
1769957236.037117,1292,2,0,0
1769957236.037117,1292,2,0,0
1769957236.037187,1292,2,0,0
1769957236.037243,1292,2,0,0
1769957236.037243,1292,2,0,0
1769957236.037315,1292,2,0,0
1769957236.037382,75,2,0,0
1769957236.037399,1292,2,0,0
1769957236.037399,1292,2,0,0
1769957236.037475,1292,2,0,0
1769957236.037712,1292,2,0,0
1769957236.037813,1292,2,0,0
1769957236.037813,1292,2,0,0
1769957236.03786,1292,2,0,0
1769957236.037888,1292,2,0,0
1769957236.037942,1292,2,0,0
1769957236.037942,1292,2,0,0
1769957236.03799,1292,2,0,0
1769957236.038046,75,2,0,0
1769957236.038065,1292,2,0,0
1769957236.038121,1292,2,0,0
1769957236.038121,1292,2,0,0
1769957236.038201,1292,2,0,0
1769957236.038201,1292,2,0,0
1769957236.038251,1292,2,0,0
1769957236.038332,1292,2,0,0
1769957236.038332,1292,2,0,0
1769957236.038439,80,2,0,0
1769957236.038485,1292,2,0,0
1769957236.038485,1292,2,0,0
1769957236.038485,1292,2,0,0
1769957236.039037,65,2,0,0
1769957236.039609,1292,2,0,0
1769957236.039648,1292,2,0,0
1769957236.039648,1292,2,0,0
1769957236.039706,1292,2,0,0
1769957236.039764,1292,2,0,0
1769957236.039819,1292,2,0,0
1769957236.039819,1292,2,0,0
1769957236.039874,1292,2,0,0
1769957236.039906,75,2,0,0
1769957236.039949,1292,2,0,0
1769957236.040007,1292,2,0,0
1769957236.040007,1292,2,0,0
1769957236.040081,1292,2,0,0
1769957236.040137,1292,2,0,0
1769957236.040137,1292,2,0,0
1769957236.040218,1292,2,0,0
1769957236.040218,1292,2,0,0
1769957236.040273,1292,2,0,0
1769957236.040326,75,2,0,0
1769957236.040408,1292,2,0,0
1769957236.040408,1292,2,0,0
1769957236.040478,1292,2,0,0
1769957236.040714,1292,2,0,0
1769957236.040764,1292,2,0,0
1769957236.040764,1292,2,0,0
1769957236.040797,1292,2,0,0
1769957236.040876,1292,2,0,0
1769957236.040926,1292,2,0,0
1769957236.040926,1292,2,0,0
1769957236.040975,1292,2,0,0
1769957236.04106,1292,2,0,0
1769957236.041101,1292,2,0,0
1769957236.041101,1292,2,0,0
1769957236.041149,1292,2,0,0
1769957236.041217,1292,2,0,0
1769957236.04128,1292,2,0,0
1769957236.04128,1292,2,0,0
1769957236.041353,1292,2,0,0
1769957236.041628,75,2,0,0
1769957236.042954,1292,2,0,0
1769957236.042954,1292,2,0,0
1769957236.042954,1292,2,0,0
1769957236.043466,1292,2,0,0
1769957236.043466,1292,2,0,0
1769957236.043466,1292,2,0,0
1769957236.043466,1292,2,0,0
1769957236.043466,1292,2,0,0
1769957236.043466,1292,2,0,0
1769957236.043466,1292,2,0,0
1769957236.043466,1292,2,0,0
1769957236.043466,1292,2,0,0
1769957236.043466,1292,2,0,0
1769957236.043466,1292,2,0,0
1769957236.043466,1292,2,0,0
1769957236.043466,1292,2,0,0
1769957236.043466,1292,2,0,0
1769957236.043466,1292,2,0,0
1769957236.043905,1292,2,0,0
1769957236.043905,1292,2,0,0
1769957236.043905,1292,2,0,0
1769957236.043905,1292,2,0,0
1769957236.043905,1292,2,0,0
1769957236.043905,1292,2,0,0
1769957236.043905,1292,2,0,0
1769957236.044284,1292,2,0,0
1769957236.044284,1292,2,0,0
1769957236.044284,1292,2,0,0
1769957236.044284,1292,2,0,0
1769957236.044284,1292,2,0,0
1769957236.044284,1292,2,0,0
1769957236.044284,1292,2,0,0
1769957236.044284,1292,2,0,0
1769957236.04435,75,2,0,0
1769957236.044415,1292,2,0,0
1769957236.044415,1292,2,0,0
1769957236.044415,1292,2,0,0
1769957236.044415,1292,2,0,0
1769957236.044639,1292,2,0,0
1769957236.044639,1292,2,0,0
1769957236.044639,1292,2,0,0
1769957236.044803,75,2,0,0
1769957236.044989,1292,2,0,0
1769957236.044989,1292,2,0,0
1769957236.044989,1292,2,0,0
1769957236.044989,1292,2,0,0
1769957236.045344,75,2,0,0
1769957236.04541,1292,2,0,0
1769957236.04541,1292,2,0,0
1769957236.04541,1292,2,0,0
1769957236.04541,1292,2,0,0
1769957236.04541,1292,2,0,0
1769957236.04541,1292,2,0,0
1769957236.04541,1292,2,0,0
1769957236.04541,1292,2,0,0
1769957236.045529,1292,2,0,0
1769957236.045529,1292,2,0,0
1769957236.045529,1292,2,0,0
1769957236.045529,1292,2,0,0
1769957236.045529,1292,2,0,0
1769957236.04577,66,2,0,0
1769957236.045912,75,2,0,0
1769957236.046446,1292,2,0,0
1769957236.046446,1292,2,0,0
1769957236.046446,1292,2,0,0
1769957236.046576,73,2,0,0
1769957236.046779,1292,2,0,0
1769957236.046779,1292,2,0,0
1769957236.046779,1292,2,0,0
1769957236.046779,1292,2,0,0
1769957236.046779,1292,2,0,0
1769957236.046779,1292,2,0,0
1769957236.047048,75,2,0,0
1769957236.047058,1292,2,0,0
1769957236.047058,1292,2,0,0
1769957236.047058,1292,2,0,0
1769957236.047058,1292,2,0,0
1769957236.047058,1292,2,0,0
1769957236.047058,1292,2,0,0
1769957236.047058,1292,2,0,0
1769957236.047058,1292,2,0,0
1769957236.047058,1292,2,0,0
1769957236.047189,1292,2,0,0
1769957236.047189,1292,2,0,0
1769957236.047301,75,2,0,0
1769957236.047509,75,2,0,0
1769957236.047581,1292,2,0,0
1769957236.047581,1292,2,0,0
1769957236.047665,1292,2,0,0
1769957236.047665,1292,2,0,0
1769957236.047665,1292,2,0,0
1769957236.047864,1292,2,0,0
1769957236.047864,1292,2,0,0
1769957236.047864,1292,2,0,0
1769957236.047864,1292,2,0,0
1769957236.047921,1292,2,0,0
1769957236.047921,1292,2,0,0
1769957236.047972,1292,2,0,0
1769957236.048118,1292,2,0,0
1769957236.048118,1292,2,0,0
1769957236.048118,1292,2,0,0
1769957236.04818,1292,2,0,0
1769957236.048213,1292,2,0,0
1769957236.048217,75,2,0,0
1769957236.048278,1292,2,0,0
1769957236.048278,1292,2,0,0
1769957236.04835,1292,2,0,0
1769957236.048603,75,2,0,0
1769957236.04865,1292,2,0,0
1769957236.048694,1292,2,0,0
1769957236.048694,1292,2,0,0
1769957236.048759,1292,2,0,0
1769957236.048824,1292,2,0,0
1769957236.048824,1292,2,0,0
1769957236.048877,1292,2,0,0
1769957236.04894,1292,2,0,0
1769957236.049003,1292,2,0,0
1769957236.049003,1292,2,0,0
1769957236.049081,1292,2,0,0
1769957236.049081,1292,2,0,0
1769957236.049132,1292,2,0,0
1769957236.049132,75,2,0,0
1769957236.049205,1292,2,0,0
1769957236.049274,1292,2,0,0
1769957236.049274,1292,2,0,0
1769957236.049336,1292,2,0,0
1769957236.049616,75,2,0,0
1769957236.049897,75,2,0,0
1769957236.050497,1292,2,0,0
1769957236.050497,1292,2,0,0
1769957236.050605,1292,2,0,0
1769957236.050605,1292,2,0,0
1769957236.050605,1292,2,0,0
1769957236.050669,1292,2,0,0
1769957236.050752,1292,2,0,0
1769957236.050752,1292,2,0,0
1769957236.050884,1292,2,0,0
1769957236.050884,1292,2,0,0
1769957236.050884,1292,2,0,0
1769957236.050937,1292,2,0,0
1769957236.050937,1292,2,0,0
1769957236.050989,1292,2,0,0
1769957236.051065,1292,2,0,0
1769957236.051174,1292,2,0,0
1769957236.051174,1292,2,0,0
1769957236.051266,75,2,0,0
1769957236.051385,1292,2,0,0
1769957236.051385,1292,2,0,0
1769957236.051385,1292,2,0,0
1769957236.051471,75,2,0,0
1769957236.054758,1292,2,0,0
1769957236.054758,1292,2,0,0
1769957236.055014,1292,2,0,0
1769957236.055014,1292,2,0,0
1769957236.055014,1292,2,0,0
1769957236.055014,1292,2,0,0
1769957236.055014,1292,2,0,0
1769957236.055014,1292,2,0,0
1769957236.055116,1292,2,0,0
1769957236.055116,1292,2,0,0
1769957236.055116,1292,2,0,0
1769957236.055164,1292,2,0,0
1769957236.055191,1292,2,0,0
1769957236.055191,1292,2,0,0
1769957236.055517,1292,2,0,0
1769957236.055517,1292,2,0,0
1769957236.055517,1292,2,0,0
1769957236.055517,1292,2,0,0
1769957236.055517,1292,2,0,0
1769957236.055517,1292,2,0,0
1769957236.055742,75,2,0,0
1769957236.055779,1292,2,0,0
1769957236.055779,1292,2,0,0
1769957236.056156,1292,2,0,0
1769957236.056156,1292,2,0,0
1769957236.056156,1292,2,0,0
1769957236.056156,1292,2,0,0
1769957236.056156,1292,2,0,0
1769957236.056156,1292,2,0,0
1769957236.056156,1292,2,0,0
1769957236.056156,1292,2,0,0
1769957236.056176,75,2,0,0
1769957236.056447,1292,2,0,0
1769957236.056447,1292,2,0,0
1769957236.056447,1292,2,0,0
1769957236.056447,1292,2,0,0
1769957236.056447,1292,2,0,0
1769957236.056447,1292,2,0,0
1769957236.056447,1292,2,0,0
1769957236.056529,80,2,0,0
1769957236.057249,75,2,0,0
1769957236.057824,1292,2,0,0
1769957236.057925,1292,2,0,0
1769957236.057925,1292,2,0,0
1769957236.058427,1292,2,0,0
1769957236.058597,1292,2,0,0
1769957236.058597,1292,2,0,0
1769957236.058597,1292,2,0,0
1769957236.058597,1292,2,0,0
1769957236.058597,1292,2,0,0
1769957236.058765,1292,2,0,0
1769957236.058765,1292,2,0,0
1769957236.058765,1292,2,0,0
1769957236.058765,1292,2,0,0
1769957236.058882,1292,2,0,0
1769957236.058882,1292,2,0,0
1769957236.058882,1292,2,0,0
1769957236.058968,1292,2,0,0
1769957236.058968,1292,2,0,0
1769957236.059059,1292,2,0,0
1769957236.059059,1292,2,0,0
1769957236.059117,1292,2,0,0
1769957236.059184,1292,2,0,0
1769957236.059184,1292,2,0,0
1769957236.059392,75,2,0,0
1769957236.05948,1292,2,0,0
1769957236.059587,1292,2,0,0
1769957236.059587,1292,2,0,0
1769957236.059587,1292,2,0,0
1769957236.059652,1292,2,0,0
1769957236.059652,1292,2,0,0
1769957236.059683,1292,2,0,0
1769957236.059786,1292,2,0,0
1769957236.059786,1292,2,0,0
1769957236.059837,1292,2,0,0
1769957236.059879,165,2,0,0
1769957236.059879,67,2,0,0
1769957236.059899,75,2,0,0
1769957236.060278,75,2,0,0
1769957236.066336,1288,2,0,0
1769957236.066383,1292,2,0,0
1769957236.066397,735,2,0,0
1769957236.090201,72,2,0,0
1769957236.094434,68,2,0,0
1769957236.096933,71,2,0,0
1769957236.104487,89,2,0,0
1769957236.104487,66,2,0,0
1769957236.104825,78,2,0,0
1769957236.105888,1288,2,0,0
1769957236.105888,1292,2,0,0
1769957236.105888,1292,2,0,0
1769957236.105888,1292,2,0,0
1769957236.106282,1292,2,0,0
1769957236.107049,1292,2,0,0
1769957236.107049,1292,2,0,0
1769957236.107172,1292,2,0,0
1769957236.107172,1292,2,0,0
1769957236.107172,1292,2,0,0
1769957236.107172,1292,2,0,0
1769957236.107402,1292,2,0,0
1769957236.107402,1292,2,0,0
1769957236.107402,1292,2,0,0
1769957236.107402,1292,2,0,0
1769957236.10749,74,2,0,0
1769957236.107743,1292,2,0,0
1769957236.107743,1292,2,0,0
1769957236.107743,1292,2,0,0
1769957236.107743,1292,2,0,0
1769957236.107903,1292,2,0,0
1769957236.107903,1292,2,0,0
1769957236.107903,1292,2,0,0
1769957236.107903,1292,2,0,0
1769957236.108143,74,2,0,0
1769957236.108149,1292,2,0,0
1769957236.108149,1292,2,0,0
1769957236.108149,1292,2,0,0
1769957236.109722,1292,2,0,0
1769957236.109722,1292,2,0,0
1769957236.109722,1292,2,0,0
1769957236.109812,1292,2,0,0
1769957236.109812,1292,2,0,0
1769957236.109812,1292,2,0,0
1769957236.109812,1292,2,0,0
1769957236.109812,1292,2,0,0
1769957236.109812,1292,2,0,0
1769957236.109812,1292,2,0,0
1769957236.109812,1292,2,0,0
1769957236.109812,1292,2,0,0
1769957236.109812,1292,2,0,0
1769957236.109812,1292,2,0,0
1769957236.110027,74,2,0,0
1769957236.110116,74,2,0,0
1769957236.111541,1292,2,0,0
1769957236.111541,1292,2,0,0
1769957236.113686,1292,2,0,0
1769957236.113686,1292,2,0,0
1769957236.113686,1292,2,0,0
1769957236.113686,1292,2,0,0
1769957236.113686,1292,2,0,0
1769957236.113686,1292,2,0,0
1769957236.113876,1292,2,0,0
1769957236.113876,1292,2,0,0
1769957236.113876,1292,2,0,0
1769957236.113876,1292,2,0,0
1769957236.113876,1292,2,0,0
1769957236.113876,1292,2,0,0
1769957236.113876,1292,2,0,0
1769957236.114095,1292,2,0,0
1769957236.114095,1292,2,0,0
1769957236.114095,1292,2,0,0
1769957236.114095,1292,2,0,0
1769957236.114095,1292,2,0,0
1769957236.114095,1292,2,0,0
1769957236.114095,1292,2,0,0
1769957236.114148,74,2,0,0
1769957236.114259,1292,2,0,0
1769957236.114259,1292,2,0,0
1769957236.114353,74,2,0,0
1769957236.115858,1292,2,0,0
1769957236.115858,1292,2,0,0
1769957236.115858,1292,2,0,0
1769957236.115858,1292,2,0,0
1769957236.115858,1292,2,0,0
1769957236.115858,1292,2,0,0
1769957236.115858,1292,2,0,0
1769957236.115858,1292,2,0,0
1769957236.115858,1292,2,0,0
1769957236.115858,1292,2,0,0
1769957236.115858,1292,2,0,0
1769957236.115858,1292,2,0,0
1769957236.116345,75,2,0,0
1769957236.116669,1292,2,0,0
1769957236.116669,1292,2,0,0
1769957236.116669,1292,2,0,0
1769957236.116669,1292,2,0,0
1769957236.116669,1292,2,0,0
1769957236.116669,1292,2,0,0
1769957236.116669,1292,2,0,0
1769957236.116669,1292,2,0,0
1769957236.116669,1292,2,0,0
1769957236.116669,1292,2,0,0
1769957236.116669,1292,2,0,0
1769957236.116669,1292,2,0,0
1769957236.116669,1292,2,0,0
1769957236.116669,1292,2,0,0
1769957236.116669,1292,2,0,0
1769957236.116669,1292,2,0,0
1769957236.116669,1292,2,0,0
1769957236.116669,1292,2,0,0
1769957236.116828,1292,2,0,0
1769957236.116828,1292,2,0,0
1769957236.116828,1292,2,0,0
1769957236.116828,1292,2,0,0
1769957236.116828,1292,2,0,0
1769957236.116828,1292,2,0,0
1769957236.116828,1292,2,0,0
1769957236.116828,1292,2,0,0
1769957236.116828,1292,2,0,0
1769957236.116828,1292,2,0,0
1769957236.116828,1292,2,0,0
1769957236.116828,1292,2,0,0
1769957236.117045,75,2,0,0
1769957236.117046,1292,2,0,0
1769957236.117046,1292,2,0,0
1769957236.117046,1292,2,0,0
1769957236.117046,1292,2,0,0
1769957236.117046,1292,2,0,0
1769957236.117131,75,2,0,0
1769957236.117199,75,2,0,0
1769957236.11736,75,2,0,0
1769957236.117657,1292,2,0,0
1769957236.117657,1292,2,0,0
1769957236.117657,1292,2,0,0
1769957236.117657,1292,2,0,0
1769957236.117657,1292,2,0,0
1769957236.117657,1292,2,0,0
1769957236.117657,1292,2,0,0
1769957236.117657,1292,2,0,0
1769957236.117657,1292,2,0,0
1769957236.117657,1292,2,0,0
1769957236.117657,1292,2,0,0
1769957236.117657,1292,2,0,0
1769957236.117657,1292,2,0,0
1769957236.118118,1292,2,0,0
1769957236.118118,1292,2,0,0
1769957236.118118,1292,2,0,0
1769957236.118118,1292,2,0,0
1769957236.118281,1292,2,0,0
1769957236.118281,1292,2,0,0
1769957236.118281,1292,2,0,0
1769957236.118281,1292,2,0,0
1769957236.118476,1292,2,0,0
1769957236.118476,1292,2,0,0
1769957236.118476,1292,2,0,0
1769957236.118476,1292,2,0,0
1769957236.118647,1292,2,0,0
1769957236.118647,1292,2,0,0
1769957236.118647,1292,2,0,0
1769957236.118647,1292,2,0,0
1769957236.11878,1292,2,0,0
1769957236.11878,1292,2,0,0
1769957236.11878,1292,2,0,0
1769957236.11878,1292,2,0,0
1769957236.118845,75,2,0,0
1769957236.118931,75,2,0,0
1769957236.118992,75,2,0,0
1769957236.11935,1292,2,0,0
1769957236.11935,1292,2,0,0
1769957236.11935,1292,2,0,0
1769957236.11935,1292,2,0,0
1769957236.119545,1292,2,0,0
1769957236.119545,1292,2,0,0
1769957236.119545,1292,2,0,0
1769957236.119545,1292,2,0,0
1769957236.119682,1292,2,0,0
1769957236.119682,1292,2,0,0
1769957236.119682,1292,2,0,0
1769957236.119682,1292,2,0,0
1769957236.119866,1292,2,0,0
1769957236.119866,1292,2,0,0
1769957236.119866,1292,2,0,0
1769957236.119866,1292,2,0,0
1769957236.120043,1292,2,0,0
1769957236.120043,1292,2,0,0
1769957236.120043,1292,2,0,0
1769957236.120043,1292,2,0,0
1769957236.120183,75,2,0,0
1769957236.120248,75,2,0,0
1769957236.120474,1292,2,0,0
1769957236.120474,1292,2,0,0
1769957236.120474,1292,2,0,0
1769957236.120474,1292,2,0,0
1769957236.120474,270,2,0,0
1769957236.12063,1285,2,0,0
1769957236.12063,1292,2,0,0
1769957236.12063,1292,2,0,0
1769957236.12063,1292,2,0,0
1769957236.120811,1292,2,0,0
1769957236.120811,1292,2,0,0
1769957236.120811,1292,2,0,0
1769957236.120811,1292,2,0,0
1769957236.120889,75,2,0,0
1769957236.121014,1292,2,0,0
1769957236.121014,1292,2,0,0
1769957236.121014,1292,2,0,0
1769957236.121014,1292,2,0,0
1769957236.121376,75,2,0,0
1769957236.12144,1292,2,0,0
1769957236.12144,1292,2,0,0
1769957236.12144,1292,2,0,0
1769957236.12144,1292,2,0,0
1769957236.121582,1292,2,0,0
1769957236.121582,1292,2,0,0
1769957236.121582,1292,2,0,0
1769957236.121582,1292,2,0,0
1769957236.121771,1292,2,0,0
1769957236.121771,1292,2,0,0
1769957236.121771,1292,2,0,0
1769957236.121771,1292,2,0,0
1769957236.121898,75,2,0,0
1769957236.121935,1292,2,0,0
1769957236.121935,1292,2,0,0
1769957236.121935,1292,2,0,0
1769957236.121935,1292,2,0,0
1769957236.122123,1292,2,0,0
1769957236.122123,1292,2,0,0
1769957236.122123,1292,2,0,0
1769957236.122123,1292,2,0,0
1769957236.122254,80,2,0,0
1769957236.122501,1292,2,0,0
1769957236.122501,1292,2,0,0
1769957236.122501,1292,2,0,0
1769957236.122501,1292,2,0,0
1769957236.122672,1292,2,0,0
1769957236.122672,1292,2,0,0
1769957236.122672,1292,2,0,0
1769957236.122672,1292,2,0,0
1769957236.122849,1292,2,0,0
1769957236.122849,1292,2,0,0
1769957236.122849,1292,2,0,0
1769957236.122849,1292,2,0,0
1769957236.122965,75,2,0,0
1769957236.123048,1292,2,0,0
1769957236.123048,1292,2,0,0
1769957236.123048,1292,2,0,0
1769957236.123048,1292,2,0,0
1769957236.123469,1292,2,0,0
1769957236.123469,1292,2,0,0
1769957236.123469,1292,2,0,0
1769957236.123469,1292,2,0,0
1769957236.123469,1292,2,0,0
1769957236.123658,75,2,0,0
1769957236.123663,1292,2,0,0
1769957236.123663,1292,2,0,0
1769957236.123663,1292,2,0,0
1769957236.123663,1292,2,0,0
1769957236.123822,1292,2,0,0
1769957236.123822,1292,2,0,0
1769957236.123822,1292,2,0,0
1769957236.123822,1292,2,0,0
1769957236.123974,75,2,0,0
1769957236.125708,67,2,0,0
1769957236.126545,1292,2,0,0
1769957236.126545,1292,2,0,0
1769957236.126545,1292,2,0,0
1769957236.126545,1292,2,0,0
1769957236.127257,1292,2,0,0
1769957236.127257,1292,2,0,0
1769957236.127257,1292,2,0,0
1769957236.127257,1292,2,0,0
1769957236.127257,1292,2,0,0
1769957236.127257,1292,2,0,0
1769957236.12739,1292,2,0,0
1769957236.12739,1292,2,0,0
1769957236.12739,1292,2,0,0
1769957236.12739,1292,2,0,0
1769957236.12739,1292,2,0,0
1769957236.12739,1292,2,0,0
1769957236.12739,1292,2,0,0
1769957236.12739,1292,2,0,0
1769957236.12739,1292,2,0,0
1769957236.12739,1292,2,0,0
1769957236.12739,1292,2,0,0
1769957236.12739,1292,2,0,0
1769957236.127438,75,2,0,0
1769957236.127511,75,2,0,0
1769957236.127655,1292,2,0,0
1769957236.127655,1292,2,0,0
1769957236.127655,1292,2,0,0
1769957236.127655,1292,2,0,0
1769957236.127813,1292,2,0,0
1769957236.127813,1292,2,0,0
1769957236.127813,1292,2,0,0
1769957236.127813,1292,2,0,0
1769957236.127951,75,2,0,0
1769957236.127996,1292,2,0,0
1769957236.127996,1292,2,0,0
1769957236.127996,1292,2,0,0
1769957236.127996,1292,2,0,0
1769957236.128163,1292,2,0,0
1769957236.128163,1292,2,0,0
1769957236.128163,1292,2,0,0
1769957236.128163,1292,2,0,0
1769957236.129771,1292,2,0,0
1769957236.131753,1292,2,0,0
1769957236.131753,1292,2,0,0
1769957236.131753,1292,2,0,0
1769957236.131753,1292,2,0,0
1769957236.131867,75,2,0,0
1769957236.132151,1292,2,0,0
1769957236.132151,1292,2,0,0
1769957236.132151,1292,2,0,0
1769957236.132151,1292,2,0,0
1769957236.132151,1292,2,0,0
1769957236.132151,1292,2,0,0
1769957236.132151,1292,2,0,0
1769957236.132151,1292,2,0,0
1769957236.132151,1292,2,0,0
1769957236.132151,1292,2,0,0
1769957236.132151,1292,2,0,0
1769957236.132151,1292,2,0,0
1769957236.132151,1292,2,0,0
1769957236.132606,75,2,0,0
1769957236.133816,1292,2,0,0
1769957236.133816,1292,2,0,0
1769957236.133816,1292,2,0,0
1769957236.136078,1292,2,0,0
1769957236.136078,1292,2,0,0
1769957236.136078,1292,2,0,0
1769957236.136078,1292,2,0,0
1769957236.136213,75,2,0,0
1769957236.136271,1292,2,0,0
1769957236.136271,1292,2,0,0
1769957236.136271,1292,2,0,0
1769957236.136271,1292,2,0,0
1769957236.136414,1292,2,0,0
1769957236.136414,1292,2,0,0
1769957236.136414,1292,2,0,0
1769957236.136414,1292,2,0,0
1769957236.136601,1292,2,0,0
1769957236.136601,1292,2,0,0
1769957236.136601,1292,2,0,0
1769957236.136601,1292,2,0,0
1769957236.136769,1292,2,0,0
1769957236.136769,1292,2,0,0
1769957236.136769,1292,2,0,0
1769957236.136769,1292,2,0,0
1769957236.137037,75,2,0,0
1769957236.13771,1292,2,0,0
1769957236.13771,1292,2,0,0
1769957236.13771,1292,2,0,0
1769957236.13771,1292,2,0,0
1769957236.137875,1292,2,0,0
1769957236.137875,1292,2,0,0
1769957236.137875,1292,2,0,0
1769957236.137875,1292,2,0,0
1769957236.138046,1292,2,0,0
1769957236.138046,1292,2,0,0
1769957236.138046,1292,2,0,0
1769957236.138046,1292,2,0,0
1769957236.138296,1292,2,0,0
1769957236.138296,1292,2,0,0
1769957236.138296,1292,2,0,0
1769957236.138296,1292,2,0,0
1769957236.138401,1292,2,0,0
1769957236.138401,1292,2,0,0
1769957236.138401,1292,2,0,0
1769957236.138401,1292,2,0,0
1769957236.138479,75,2,0,0
1769957236.138556,75,2,0,0
1769957236.138847,1292,2,0,0
1769957236.138847,1292,2,0,0
1769957236.138847,1292,2,0,0
1769957236.138847,1292,2,0,0
1769957236.138976,1292,2,0,0
1769957236.138976,1292,2,0,0
1769957236.138976,1292,2,0,0
1769957236.138976,1292,2,0,0
1769957236.139156,1292,2,0,0
1769957236.139156,1292,2,0,0
1769957236.139156,1292,2,0,0
1769957236.139156,1292,2,0,0
1769957236.13933,1292,2,0,0
1769957236.13933,1292,2,0,0
1769957236.13933,1292,2,0,0
1769957236.13933,1292,2,0,0
1769957236.139779,1292,2,0,0
1769957236.139779,1292,2,0,0
1769957236.139779,1292,2,0,0
1769957236.139779,1292,2,0,0
1769957236.139937,1292,2,0,0
1769957236.139937,1292,2,0,0
1769957236.139937,1292,2,0,0
1769957236.139937,1292,2,0,0
1769957236.140106,1292,2,0,0
1769957236.140106,1292,2,0,0
1769957236.140106,1292,2,0,0
1769957236.140106,1292,2,0,0
1769957236.14028,1292,2,0,0
1769957236.14028,1292,2,0,0
1769957236.14028,1292,2,0,0
1769957236.14028,1292,2,0,0
1769957236.140453,1292,2,0,0
1769957236.140453,1292,2,0,0
1769957236.140453,1292,2,0,0
1769957236.140453,1292,2,0,0
1769957236.140927,1292,2,0,0
1769957236.140927,1292,2,0,0
1769957236.140927,1292,2,0,0
1769957236.140927,1292,2,0,0
1769957236.140927,1292,2,0,0
1769957236.141141,1292,2,0,0
1769957236.141141,1292,2,0,0
1769957236.141141,1292,2,0,0
1769957236.141141,1292,2,0,0
1769957236.141304,1292,2,0,0
1769957236.141304,1292,2,0,0
1769957236.141304,1292,2,0,0
1769957236.141304,1292,2,0,0
1769957236.141443,1292,2,0,0
1769957236.141443,1292,2,0,0
1769957236.141443,1292,2,0,0
1769957236.141443,1292,2,0,0
1769957236.141963,1292,2,0,0
1769957236.141963,1292,2,0,0
1769957236.141963,1292,2,0,0
1769957236.141963,1292,2,0,0
1769957236.141963,1292,2,0,0
1769957236.142117,1292,2,0,0
1769957236.142117,1292,2,0,0
1769957236.142117,1292,2,0,0
1769957236.142117,1292,2,0,0
1769957236.142117,1292,2,0,0
1769957236.142381,1292,2,0,0
1769957236.142381,1292,2,0,0
1769957236.142381,1292,2,0,0
1769957236.142381,1292,2,0,0
1769957236.142381,1292,2,0,0
1769957236.142562,1292,2,0,0
1769957236.142562,1292,2,0,0
1769957236.142562,1292,2,0,0
1769957236.142562,1292,2,0,0
1769957236.143065,1292,2,0,0
1769957236.143065,1292,2,0,0
1769957236.145392,76,2,0,0
1769957236.145481,75,2,0,0
1769957236.145533,75,2,0,0
1769957236.145773,1292,2,0,0
1769957236.145773,1292,2,0,0
1769957236.145773,1292,2,0,0
1769957236.145773,1292,2,0,0
1769957236.145773,1292,2,0,0
1769957236.145962,1292,2,0,0
1769957236.145962,1292,2,0,0
1769957236.145962,1292,2,0,0
1769957236.145962,1292,2,0,0
1769957236.146122,1292,2,0,0
1769957236.146122,1292,2,0,0
1769957236.146122,1292,2,0,0
1769957236.146122,1292,2,0,0
1769957236.146297,1292,2,0,0
1769957236.146297,1292,2,0,0
1769957236.146297,1292,2,0,0
1769957236.146297,1292,2,0,0
1769957236.146771,1292,2,0,0
1769957236.146771,1292,2,0,0
1769957236.146771,1292,2,0,0
1769957236.146771,1292,2,0,0
1769957236.146906,1292,2,0,0
1769957236.146906,1292,2,0,0
1769957236.146906,1292,2,0,0
1769957236.146906,1292,2,0,0
1769957236.147077,1292,2,0,0
1769957236.147077,1292,2,0,0
1769957236.147077,1292,2,0,0
1769957236.147077,1292,2,0,0
1769957236.147245,1292,2,0,0
1769957236.147245,1292,2,0,0
1769957236.147245,1292,2,0,0
1769957236.147245,1292,2,0,0
1769957236.147421,1292,2,0,0
1769957236.147421,1292,2,0,0
1769957236.147421,1292,2,0,0
1769957236.147421,1292,2,0,0
1769957236.147455,76,2,0,0
1769957236.147861,1292,2,0,0
1769957236.147861,1292,2,0,0
1769957236.147861,1292,2,0,0
1769957236.147861,1292,2,0,0
1769957236.148003,1292,2,0,0
1769957236.148003,1292,2,0,0
1769957236.148003,1292,2,0,0
1769957236.148003,1292,2,0,0
1769957236.148175,1292,2,0,0
1769957236.148175,1292,2,0,0
1769957236.148175,1292,2,0,0
1769957236.148175,1292,2,0,0
1769957236.148354,1292,2,0,0
1769957236.148354,1292,2,0,0
1769957236.148354,1292,2,0,0
1769957236.148354,1292,2,0,0
1769957236.148534,1292,2,0,0
1769957236.148534,1292,2,0,0
1769957236.148534,1292,2,0,0
1769957236.148534,1292,2,0,0
1769957236.148671,75,2,0,0
1769957236.148726,75,2,0,0
1769957236.148931,1292,2,0,0
1769957236.148931,1292,2,0,0
1769957236.148931,1292,2,0,0
1769957236.148931,1292,2,0,0
1769957236.1491,1292,2,0,0
1769957236.1491,1292,2,0,0
1769957236.1491,1292,2,0,0
1769957236.1491,1292,2,0,0
1769957236.149135,75,2,0,0
1769957236.149296,1292,2,0,0
1769957236.149296,1292,2,0,0
1769957236.149296,1292,2,0,0
1769957236.149296,1292,2,0,0
1769957236.149464,1292,2,0,0
1769957236.149464,1292,2,0,0
1769957236.149464,1292,2,0,0
1769957236.149464,1292,2,0,0
1769957236.149869,1292,2,0,0
1769957236.149869,1292,2,0,0
1769957236.149869,1292,2,0,0
1769957236.149869,1292,2,0,0
1769957236.150034,1292,2,0,0
1769957236.150034,1292,2,0,0
1769957236.150034,1292,2,0,0
1769957236.150034,1292,2,0,0
1769957236.150207,1292,2,0,0
1769957236.150207,1292,2,0,0
1769957236.150207,1292,2,0,0
1769957236.150207,1292,2,0,0
1769957236.150382,1292,2,0,0
1769957236.150382,1292,2,0,0
1769957236.150382,1292,2,0,0
1769957236.150382,1292,2,0,0
1769957236.15055,1292,2,0,0
1769957236.15055,693,2,0,0
1769957236.15055,1285,2,0,0
1769957236.15055,1292,2,0,0
1769957236.152059,1292,2,0,0
1769957236.152059,1292,2,0,0
1769957236.152059,1292,2,0,0
1769957236.152059,1292,2,0,0
1769957236.152059,1292,2,0,0
1769957236.152257,1292,2,0,0
1769957236.152257,1292,2,0,0
1769957236.152257,1292,2,0,0
1769957236.152257,1292,2,0,0
1769957236.152257,1292,2,0,0
1769957236.152439,1292,2,0,0
1769957236.152439,1292,2,0,0
1769957236.152439,1292,2,0,0
1769957236.152439,1292,2,0,0
1769957236.15262,1292,2,0,0
1769957236.15262,1292,2,0,0
1769957236.15262,1292,2,0,0
1769957236.15262,1292,2,0,0
1769957236.153726,1292,2,0,0
1769957236.153726,1292,2,0,0
1769957236.153726,1292,2,0,0
1769957236.15414,80,2,0,0
1769957236.154188,77,2,0,0
1769957236.154207,77,2,0,0
1769957236.154223,77,2,0,0
1769957236.154239,77,2,0,0
1769957236.154288,77,2,0,0
1769957236.154363,77,2,0,0
1769957236.154413,77,2,0,0
1769957236.154479,77,2,0,0
1769957236.154529,77,2,0,0
1769957236.154578,77,2,0,0
1769957236.154628,78,2,0,0
1769957236.154681,78,2,0,0
1769957236.154785,78,2,0,0
1769957236.154843,78,2,0,0
1769957236.154909,78,2,0,0
1769957236.157434,1292,2,0,0
1769957236.157434,1292,2,0,0
1769957236.157434,1292,2,0,0
1769957236.157923,1292,2,0,0
1769957236.157923,1292,2,0,0
1769957236.157923,1292,2,0,0
1769957236.157923,1292,2,0,0
1769957236.157923,1292,2,0,0
1769957236.158081,1292,2,0,0
1769957236.158081,1292,2,0,0
1769957236.158081,1292,2,0,0
1769957236.158081,1292,2,0,0
1769957236.158251,78,2,0,0
1769957236.158313,1292,2,0,0
1769957236.158313,1292,2,0,0
1769957236.158313,1292,2,0,0
1769957236.158313,1292,2,0,0
1769957236.158416,1292,2,0,0
1769957236.158416,1292,2,0,0
1769957236.158416,1292,2,0,0
1769957236.158416,1292,2,0,0
1769957236.158527,78,2,0,0
1769957236.15892,1292,2,0,0
1769957236.15892,1292,2,0,0
1769957236.15892,1292,2,0,0
1769957236.15892,1292,2,0,0
1769957236.15892,1292,2,0,0
1769957236.159155,1292,2,0,0
1769957236.159155,1292,2,0,0
1769957236.159155,1292,2,0,0
1769957236.159155,1292,2,0,0
1769957236.159238,1292,2,0,0
1769957236.159238,1292,2,0,0
1769957236.159238,1292,2,0,0
1769957236.159238,1292,2,0,0
1769957236.159413,1292,2,0,0
1769957236.159413,1292,2,0,0
1769957236.159413,1292,2,0,0
1769957236.159413,1292,2,0,0
1769957236.159669,1292,2,0,0
1769957236.159669,1292,2,0,0
1769957236.159669,1292,2,0,0
1769957236.159669,1292,2,0,0
1769957236.160004,78,2,0,0
1769957236.16023,1292,2,0,0
1769957236.16023,1292,2,0,0
1769957236.16023,1292,2,0,0
1769957236.16023,1292,2,0,0
1769957236.16023,1292,2,0,0
1769957236.160282,78,2,0,0
1769957236.160466,1292,2,0,0
1769957236.160466,1292,2,0,0
1769957236.160466,1292,2,0,0
1769957236.160466,1292,2,0,0
1769957236.160589,83,2,0,0
1769957236.160609,1292,2,0,0
1769957236.160609,1292,2,0,0
1769957236.160609,1292,2,0,0
1769957236.160609,1292,2,0,0
1769957236.160732,1292,2,0,0
1769957236.160732,1292,2,0,0
1769957236.160732,1292,2,0,0
1769957236.160732,1292,2,0,0
1769957236.160849,78,2,0,0
1769957236.167051,1292,2,0,0
1769957236.167051,1292,2,0,0
1769957236.167051,1292,2,0,0
1769957236.167051,1292,2,0,0
1769957236.167051,1292,2,0,0
1769957236.16852,1292,2,0,0
1769957236.16852,1292,2,0,0
1769957236.16852,1292,2,0,0
1769957236.16852,1292,2,0,0
1769957236.16852,1292,2,0,0
1769957236.168631,1292,2,0,0
1769957236.168631,1292,2,0,0
1769957236.168631,1292,2,0,0
1769957236.168631,1292,2,0,0
1769957236.168631,1292,2,0,0
1769957236.169045,78,2,0,0
1769957236.169132,1292,2,0,0
1769957236.169132,1292,2,0,0
1769957236.169132,1292,2,0,0
1769957236.169132,1292,2,0,0
1769957236.169132,1292,2,0,0
1769957236.169272,78,2,0,0
1769957236.1693,1292,2,0,0
1769957236.1693,1292,2,0,0
1769957236.1693,1292,2,0,0
1769957236.1693,1292,2,0,0
1769957236.169472,1292,2,0,0
1769957236.169472,1292,2,0,0
1769957236.169472,1292,2,0,0
1769957236.169472,1292,2,0,0
1769957236.169676,78,2,0,0
1769957236.169707,1292,2,0,0
1769957236.169707,1292,2,0,0
1769957236.169707,1292,2,0,0
1769957236.169707,1292,2,0,0
1769957236.169873,1292,2,0,0
1769957236.169873,1292,2,0,0
1769957236.169873,1292,2,0,0
1769957236.169873,1292,2,0,0
1769957236.169995,78,2,0,0
1769957236.180857,1292,2,0,0
1769957236.180857,1292,2,0,0
1769957236.180857,1292,2,0,0
1769957236.180857,1292,2,0,0
1769957236.180857,1292,2,0,0
1769957236.180981,1292,2,0,0
1769957236.180981,1292,2,0,0
1769957236.180981,1292,2,0,0
1769957236.180981,1292,2,0,0
1769957236.182489,1292,2,0,0
1769957236.182489,1292,2,0,0
1769957236.182489,1292,2,0,0
1769957236.182489,1292,2,0,0
1769957236.182573,1292,2,0,0
1769957236.182573,1292,2,0,0
1769957236.182573,1292,2,0,0
1769957236.182573,1292,2,0,0
1769957236.182761,78,2,0,0
1769957236.183004,1292,2,0,0
1769957236.183004,1292,2,0,0
1769957236.183004,1292,2,0,0
1769957236.183004,1292,2,0,0
1769957236.183123,1292,2,0,0
1769957236.183123,1292,2,0,0
1769957236.183123,1292,2,0,0
1769957236.183123,1292,2,0,0
1769957236.183245,78,2,0,0
1769957236.183339,1292,2,0,0
1769957236.183339,1292,2,0,0
1769957236.183339,1292,2,0,0
1769957236.183339,1292,2,0,0
1769957236.183477,1292,2,0,0
1769957236.183477,1292,2,0,0
1769957236.183477,1292,2,0,0
1769957236.183477,1292,2,0,0
1769957236.183566,78,2,0,0
1769957236.183654,1292,2,0,0
1769957236.183654,1292,2,0,0
1769957236.183654,1292,2,0,0
1769957236.183654,1292,2,0,0
1769957236.184114,1292,2,0,0
1769957236.184114,1292,2,0,0
1769957236.184114,1292,2,0,0
1769957236.184114,1292,2,0,0
1769957236.184257,78,2,0,0
1769957236.185989,1292,2,0,0
1769957236.185989,1292,2,0,0
1769957236.185989,1292,2,0,0
1769957236.186058,1292,2,0,0
1769957236.186058,1292,2,0,0
1769957236.186058,1292,2,0,0
1769957236.186058,1292,2,0,0
1769957236.186391,1292,2,0,0
1769957236.186391,1292,2,0,0
1769957236.186391,1292,2,0,0
1769957236.186592,78,2,0,0
1769957236.187135,1292,2,0,0
1769957236.187135,1292,2,0,0
1769957236.187135,1292,2,0,0
1769957236.187135,1292,2,0,0
1769957236.187135,1292,2,0,0
1769957236.187135,1292,2,0,0
1769957236.187135,1292,2,0,0
1769957236.187135,1292,2,0,0
1769957236.187237,1292,2,0,0
1769957236.187237,1292,2,0,0
1769957236.187237,1292,2,0,0
1769957236.187237,1292,2,0,0
1769957236.187237,1292,2,0,0
1769957236.187368,78,2,0,0
1769957236.187381,1292,2,0,0
1769957236.187381,1292,2,0,0
1769957236.187381,1292,2,0,0
1769957236.187381,1292,2,0,0
1769957236.187548,1292,2,0,0
1769957236.187548,1292,2,0,0
1769957236.187548,1292,2,0,0
1769957236.187548,1292,2,0,0
1769957236.187756,78,2,0,0
1769957236.187765,1292,2,0,0
1769957236.187765,1292,2,0,0
1769957236.187765,1292,2,0,0
1769957236.187765,1292,2,0,0
1769957236.1882,1292,2,0,0
1769957236.1882,1292,2,0,0
1769957236.1882,1292,2,0,0
1769957236.1882,1292,2,0,0
1769957236.1882,1292,2,0,0
1769957236.188343,1292,2,0,0
1769957236.188343,1292,2,0,0
1769957236.188343,1292,2,0,0
1769957236.188343,1292,2,0,0
1769957236.188439,78,2,0,0
1769957236.188517,1292,2,0,0
1769957236.188517,1292,2,0,0
1769957236.188517,1292,2,0,0
1769957236.188517,1292,2,0,0
1769957236.188683,1292,2,0,0
1769957236.188683,1292,2,0,0
1769957236.188683,1292,2,0,0
1769957236.188683,1292,2,0,0
1769957236.188813,78,2,0,0
1769957236.189174,1292,2,0,0
1769957236.189174,1292,2,0,0
1769957236.189174,1292,2,0,0
1769957236.189174,1292,2,0,0
1769957236.189174,1292,2,0,0
1769957236.189394,1292,2,0,0
1769957236.189394,1292,2,0,0
1769957236.189394,1292,2,0,0
1769957236.189394,1292,2,0,0
1769957236.189394,1292,2,0,0
1769957236.189586,78,2,0,0
1769957236.189583,1292,2,0,0
1769957236.189583,1292,2,0,0
1769957236.189583,1292,2,0,0
1769957236.189583,1292,2,0,0
1769957236.189755,1292,2,0,0
1769957236.189755,1292,2,0,0
1769957236.189755,1292,2,0,0
1769957236.189755,1292,2,0,0
1769957236.189884,78,2,0,0
1769957236.190136,1292,2,0,0
1769957236.190136,1292,2,0,0
1769957236.190136,1292,2,0,0
1769957236.190136,1292,2,0,0
1769957236.190305,1292,2,0,0
1769957236.190305,1292,2,0,0
1769957236.190305,1292,2,0,0
1769957236.190305,1292,2,0,0
1769957236.190481,1292,2,0,0
1769957236.190481,1292,2,0,0
1769957236.190481,1292,2,0,0
1769957236.190481,1292,2,0,0
1769957236.190599,78,2,0,0
1769957236.190669,1292,2,0,0
1769957236.190669,1292,2,0,0
1769957236.190669,1292,2,0,0
1769957236.190669,1292,2,0,0
1769957236.190811,1292,2,0,0
1769957236.190811,1292,2,0,0
1769957236.190811,1292,2,0,0
1769957236.190811,1292,2,0,0
1769957236.190922,80,2,0,0
1769957236.19096,80,2,0,0
1769957236.19105,85,2,0,0
1769957236.191073,80,2,0,0
1769957236.19436,1292,2,0,0
1769957236.195063,1292,2,0,0
1769957236.195063,1292,2,0,0
1769957236.195063,1292,2,0,0
1769957236.195237,82,2,0,0
1769957236.195291,84,2,0,0
1769957236.195313,86,2,0,0
1769957236.195336,88,2,0,0
1769957236.196383,1292,2,0,0
1769957236.196383,1292,2,0,0
1769957236.196383,1292,2,0,0
1769957236.196619,90,2,0,0
1769957236.196637,1292,2,0,0
1769957236.196637,1292,2,0,0
1769957236.196637,1292,2,0,0
1769957236.196637,1292,2,0,0
1769957236.196719,90,2,0,0
1769957236.196773,90,2,0,0
1769957236.196792,90,2,0,0
1769957236.196832,1292,2,0,0
1769957236.196832,1292,2,0,0
1769957236.196832,1292,2,0,0
1769957236.196832,1292,2,0,0
1769957236.196832,1292,2,0,0
1769957236.196832,1292,2,0,0
1769957236.197081,1292,2,0,0
1769957236.197081,1292,2,0,0
1769957236.197081,1292,2,0,0
1769957236.197081,1292,2,0,0
1769957236.197095,92,2,0,0
1769957236.197151,94,2,0,0
1769957236.197175,96,2,0,0
1769957236.197192,96,2,0,0
1769957236.197208,97,2,0,0
1769957236.197234,97,2,0,0
1769957236.197517,1292,2,0,0
1769957236.197517,1292,2,0,0
1769957236.197517,1292,2,0,0
1769957236.197517,1292,2,0,0
1769957236.19766,1292,2,0,0
1769957236.19766,1292,2,0,0
1769957236.19766,1292,2,0,0
1769957236.19766,1292,2,0,0
1769957236.197781,99,2,0,0
1769957236.197822,99,2,0,0
1769957236.197826,1292,2,0,0
1769957236.197826,1292,2,0,0
1769957236.197826,1292,2,0,0
1769957236.197826,1292,2,0,0
1769957236.197841,99,2,0,0
1769957236.197867,101,2,0,0
1769957236.198031,1292,2,0,0
1769957236.198031,1292,2,0,0
1769957236.198031,1292,2,0,0
1769957236.198031,1292,2,0,0
1769957236.198051,108,2,0,0
1769957236.198179,105,2,0,0
1769957236.198227,107,2,0,0
1769957236.198248,109,2,0,0
1769957236.198272,111,2,0,0
1769957236.198315,110,2,0,0
1769957236.198336,109,2,0,0
1769957236.198354,109,2,0,0
1769957236.199694,1292,2,0,0
1769957236.199694,74,2,0,0
1769957236.199926,109,2,0,0
1769957236.216325,110,2,0,0
1769957236.229358,1292,2,0,0
1769957236.229358,1292,2,0,0
1769957236.229358,1292,2,0,0
1769957236.229358,1292,2,0,0
1769957236.230851,1292,2,0,0
1769957236.233946,81,2,0,0
1769957236.233946,1292,2,0,0
1769957236.233946,1292,2,0,0
1769957236.233946,1292,2,0,0
1769957236.233946,1292,2,0,0
1769957236.234111,1292,2,0,0
1769957236.234111,1292,2,0,0
1769957236.234111,1292,2,0,0
1769957236.234111,1292,2,0,0
1769957236.23422,74,2,0,0
1769957236.234335,1292,2,0,0
1769957236.234335,1292,2,0,0
1769957236.234335,1292,2,0,0
1769957236.234335,1292,2,0,0
1769957236.234498,1292,2,0,0
1769957236.234498,1292,2,0,0
1769957236.234498,1292,2,0,0
1769957236.234498,1292,2,0,0
1769957236.234498,1292,2,0,0
1769957236.234762,74,2,0,0
1769957236.236104,1292,2,0,0
1769957236.236104,1292,2,0,0
1769957236.23712,1292,2,0,0
1769957236.23712,1292,2,0,0
1769957236.23712,1292,2,0,0
1769957236.23712,1292,2,0,0
1769957236.23712,1292,2,0,0
1769957236.237319,1292,2,0,0
1769957236.237319,1292,2,0,0
1769957236.237319,1292,2,0,0
1769957236.237319,1292,2,0,0
1769957236.237382,74,2,0,0
1769957236.237489,1292,2,0,0
1769957236.237489,1292,2,0,0
1769957236.237489,1292,2,0,0
1769957236.237489,1292,2,0,0
1769957236.237671,1292,2,0,0
1769957236.237671,1292,2,0,0
1769957236.237671,1292,2,0,0
1769957236.237671,1292,2,0,0
1769957236.237671,1292,2,0,0
1769957236.237751,74,2,0,0
1769957236.238191,1292,2,0,0
1769957236.238191,1292,2,0,0
1769957236.238191,1292,2,0,0
1769957236.238191,1292,2,0,0
1769957236.238191,1292,2,0,0
1769957236.238416,1292,2,0,0
1769957236.238416,1292,2,0,0
1769957236.238416,1292,2,0,0
1769957236.238416,1292,2,0,0
1769957236.238416,1292,2,0,0
1769957236.238524,74,2,0,0
1769957236.238621,1292,2,0,0
1769957236.238621,1292,2,0,0
1769957236.238621,1292,2,0,0
1769957236.238621,1292,2,0,0
1769957236.238621,1292,2,0,0
1769957236.239975,1292,2,0,0
1769957236.239975,1292,2,0,0
1769957236.240159,74,2,0,0
1769957236.240458,1292,2,0,0
1769957236.24277,1292,2,0,0
1769957236.24277,1292,2,0,0
1769957236.24277,1292,2,0,0
1769957236.24277,1292,2,0,0
1769957236.242841,1292,2,0,0
1769957236.242841,1292,2,0,0
1769957236.242841,1292,2,0,0
1769957236.242841,1292,2,0,0
1769957236.243606,1292,2,0,0
1769957236.243606,1292,2,0,0
1769957236.243606,1292,2,0,0
1769957236.243606,1292,2,0,0
1769957236.243606,1292,2,0,0
1769957236.243606,1292,2,0,0
1769957236.243606,1292,2,0,0
1769957236.243606,1292,2,0,0
1769957236.243606,1292,2,0,0
1769957236.243606,1292,2,0,0
1769957236.243724,1292,2,0,0
1769957236.243724,1292,2,0,0
1769957236.243724,1292,2,0,0
1769957236.243724,1292,2,0,0
1769957236.24388,75,2,0,0
1769957236.243927,1292,2,0,0
1769957236.243927,1292,2,0,0
1769957236.243927,1292,2,0,0
1769957236.243927,1292,2,0,0
1769957236.244066,1292,2,0,0
1769957236.244066,1292,2,0,0
1769957236.244066,1292,2,0,0
1769957236.244066,1292,2,0,0
1769957236.244066,1292,2,0,0
1769957236.244078,75,2,0,0
1769957236.244241,75,2,0,0
1769957236.245303,1292,2,0,0
1769957236.245303,1292,2,0,0
1769957236.245303,1292,2,0,0
1769957236.245303,1292,2,0,0
1769957236.245303,1292,2,0,0
1769957236.246914,860,2,0,0
1769957236.250663,1288,2,0,0
1769957236.250715,1292,2,0,0
1769957236.25073,734,2,0,0
1769957236.263163,71,2,0,0
1769957236.290065,166,2,0,0
1769957236.303008,67,2,0,0
1769957236.303008,1494,2,0,0
1769957236.303008,1288,2,0,0
1769957236.303008,1292,2,0,0
1769957236.303008,1292,2,0,0
1769957236.303464,78,2,0,0
1769957236.304799,1292,2,0,0
1769957236.304799,1292,2,0,0
1769957236.304799,1292,2,0,0
1769957236.314914,1292,2,0,0
1769957236.314914,1292,2,0,0
1769957236.314914,1292,2,0,0
1769957236.314914,1292,2,0,0
1769957236.314914,1292,2,0,0
1769957236.314914,1292,2,0,0
1769957236.315129,1292,2,0,0
1769957236.315129,1292,2,0,0
1769957236.315129,1292,2,0,0
1769957236.315129,1292,2,0,0
1769957236.315129,1292,2,0,0
1769957236.315207,1292,2,0,0
1769957236.315207,1292,2,0,0
1769957236.315207,1292,2,0,0
1769957236.315207,1292,2,0,0
1769957236.315207,1292,2,0,0
1769957236.315467,1292,2,0,0
1769957236.315467,1292,2,0,0
1769957236.315467,1292,2,0,0
1769957236.315467,1292,2,0,0
1769957236.315594,74,2,0,0
1769957236.31577,74,2,0,0
1769957236.315956,1292,2,0,0
1769957236.315956,1292,2,0,0
1769957236.315956,1292,2,0,0
1769957236.315956,1292,2,0,0
1769957236.316139,1292,2,0,0
1769957236.316139,1292,2,0,0
1769957236.316139,1292,2,0,0
1769957236.316139,1292,2,0,0
1769957236.31638,74,2,0,0
1769957236.317252,1292,2,0,0
1769957236.317252,1292,2,0,0
1769957236.317252,1292,2,0,0
1769957236.317252,1292,2,0,0
1769957236.317252,1292,2,0,0
1769957236.317252,1292,2,0,0
1769957236.317252,1292,2,0,0
1769957236.317252,1292,2,0,0
1769957236.317252,1292,2,0,0
1769957236.317252,1292,2,0,0
1769957236.317252,1292,2,0,0
1769957236.317252,1292,2,0,0
1769957236.317895,74,2,0,0
1769957236.318053,1292,2,0,0
1769957236.318053,1292,2,0,0
1769957236.318053,1292,2,0,0
1769957236.318053,1292,2,0,0
1769957236.318053,1292,2,0,0
1769957236.318053,1292,2,0,0
1769957236.318438,74,2,0,0
1769957236.318737,1292,2,0,0
1769957236.318737,1292,2,0,0
1769957236.318737,1292,2,0,0
1769957236.318737,1292,2,0,0
1769957236.318737,1292,2,0,0
1769957236.318737,1292,2,0,0
1769957236.318737,1292,2,0,0
1769957236.318737,1292,2,0,0
1769957236.318737,1292,2,0,0
1769957236.318737,1292,2,0,0
1769957236.318737,1292,2,0,0
1769957236.318737,1292,2,0,0
1769957236.318737,1292,2,0,0
1769957236.318737,1292,2,0,0
1769957236.319341,74,2,0,0
1769957236.319542,1292,2,0,0
1769957236.319542,1292,2,0,0
1769957236.319542,1292,2,0,0
1769957236.319542,1292,2,0,0
1769957236.319822,75,2,0,0
1769957236.320576,1292,2,0,0
1769957236.320576,1292,2,0,0
1769957236.320576,1292,2,0,0
1769957236.320576,1292,2,0,0
1769957236.320576,1292,2,0,0
1769957236.320576,1292,2,0,0
1769957236.320576,1292,2,0,0
1769957236.320576,1292,2,0,0
1769957236.320576,1292,2,0,0
1769957236.320576,1292,2,0,0
1769957236.320576,1292,2,0,0
1769957236.320576,1292,2,0,0
1769957236.320576,1292,2,0,0
1769957236.320576,1292,2,0,0
1769957236.320576,1292,2,0,0
1769957236.320576,1292,2,0,0
1769957236.321006,1292,2,0,0
1769957236.321006,1292,2,0,0
1769957236.321006,1292,2,0,0
1769957236.321006,1292,2,0,0
1769957236.321006,1292,2,0,0
1769957236.321006,1292,2,0,0
1769957236.321006,1292,2,0,0
1769957236.321181,1292,2,0,0
1769957236.321181,1292,2,0,0
1769957236.321181,1292,2,0,0
1769957236.321181,1292,2,0,0
1769957236.321236,75,2,0,0
1769957236.321365,75,2,0,0
1769957236.321457,1292,2,0,0
1769957236.321457,1292,2,0,0
1769957236.321457,1292,2,0,0
1769957236.321457,1292,2,0,0
1769957236.321457,1292,2,0,0
1769957236.321481,75,2,0,0
1769957236.321629,1292,2,0,0
1769957236.321629,1292,2,0,0
1769957236.321629,1292,2,0,0
1769957236.321629,1292,2,0,0
1769957236.322934,1292,2,0,0
1769957236.322934,1292,2,0,0
1769957236.322934,1292,2,0,0
1769957236.322934,1292,2,0,0
1769957236.323059,1292,2,0,0
1769957236.323059,1292,2,0,0
1769957236.323059,1292,2,0,0
1769957236.323059,1292,2,0,0
1769957236.323343,1292,2,0,0
1769957236.323343,1292,2,0,0
1769957236.323343,1292,2,0,0
1769957236.323343,1292,2,0,0
1769957236.323343,1292,2,0,0
1769957236.323388,75,2,0,0
1769957236.323492,1292,2,0,0
1769957236.323492,1292,2,0,0
1769957236.323492,1292,2,0,0
1769957236.323492,1292,2,0,0
1769957236.323492,1292,2,0,0
1769957236.323536,75,2,0,0
1769957236.325544,1292,2,0,0
1769957236.325544,1292,2,0,0
1769957236.325544,1292,2,0,0
1769957236.325544,1292,2,0,0
1769957236.325544,1292,2,0,0
1769957236.325544,1292,2,0,0
1769957236.325544,1292,2,0,0
1769957236.325544,1292,2,0,0
1769957236.325544,1292,2,0,0
1769957236.326035,75,2,0,0
1769957236.326311,1292,2,0,0
1769957236.326311,1292,2,0,0
1769957236.326311,1292,2,0,0
1769957236.326311,1292,2,0,0
1769957236.326311,1292,2,0,0
1769957236.326311,1292,2,0,0
1769957236.326311,1292,2,0,0
1769957236.326311,1292,2,0,0
1769957236.326311,1292,2,0,0
1769957236.326311,1292,2,0,0
1769957236.326311,1292,2,0,0
1769957236.326311,493,2,0,0
1769957236.326311,1285,2,0,0
1769957236.326831,75,2,0,0
1769957236.327408,1292,2,0,0
1769957236.327408,1292,2,0,0
1769957236.327408,1292,2,0,0
1769957236.327408,1292,2,0,0
1769957236.327408,1292,2,0,0
1769957236.327572,1292,2,0,0
1769957236.327572,1292,2,0,0
1769957236.327572,1292,2,0,0
1769957236.327572,1292,2,0,0
1769957236.327572,1292,2,0,0
1769957236.327799,75,2,0,0
1769957236.327897,1292,2,0,0
1769957236.327897,1292,2,0,0
1769957236.327897,1292,2,0,0
1769957236.327897,1292,2,0,0
1769957236.327897,1292,2,0,0
1769957236.327897,1292,2,0,0
1769957236.327897,1292,2,0,0
1769957236.32808,75,2,0,0
1769957236.328889,74,2,0,0
1769957236.329587,1292,2,0,0
1769957236.329587,1292,2,0,0
1769957236.329587,1292,2,0,0
1769957236.329587,1292,2,0,0
1769957236.329712,1292,2,0,0
1769957236.329712,1292,2,0,0
1769957236.329712,1292,2,0,0
1769957236.329712,1292,2,0,0
1769957236.329983,1292,2,0,0
1769957236.329983,1292,2,0,0
1769957236.329983,1292,2,0,0
1769957236.329983,1292,2,0,0
1769957236.329983,1292,2,0,0
1769957236.330069,75,2,0,0
1769957236.330134,1292,2,0,0
1769957236.330134,1292,2,0,0
1769957236.330134,1292,2,0,0
1769957236.330134,1292,2,0,0
1769957236.330134,1292,2,0,0
1769957236.33022,75,2,0,0
1769957236.330366,1292,2,0,0
1769957236.330366,1292,2,0,0
1769957236.330366,1292,2,0,0
1769957236.330366,1292,2,0,0
1769957236.330366,1292,2,0,0
1769957236.331182,1292,2,0,0
1769957236.331182,1292,2,0,0
1769957236.331182,1292,2,0,0
1769957236.331182,1292,2,0,0
1769957236.331182,1292,2,0,0
1769957236.331182,1292,2,0,0
1769957236.331182,1292,2,0,0
1769957236.331182,1292,2,0,0
1769957236.331182,1292,2,0,0
1769957236.331182,1292,2,0,0
1769957236.331385,1292,2,0,0
1769957236.331385,1292,2,0,0
1769957236.331385,1292,2,0,0
1769957236.331385,1292,2,0,0
1769957236.331385,1292,2,0,0
1769957236.331522,1292,2,0,0
1769957236.331522,1292,2,0,0
1769957236.331522,1292,2,0,0
1769957236.331522,1292,2,0,0
1769957236.331522,1292,2,0,0
1769957236.331711,75,2,0,0
1769957236.331865,80,2,0,0
1769957236.332403,1292,2,0,0
1769957236.332403,1292,2,0,0
1769957236.332403,1292,2,0,0
1769957236.332403,1292,2,0,0
1769957236.332536,1292,2,0,0
1769957236.332536,1292,2,0,0
1769957236.332536,1292,2,0,0
1769957236.332536,1292,2,0,0
1769957236.332753,77,2,0,0
1769957236.332772,1292,2,0,0
1769957236.332772,1292,2,0,0
1769957236.332772,1292,2,0,0
1769957236.332772,1292,2,0,0
1769957236.332837,79,2,0,0
1769957236.332889,79,2,0,0
1769957236.332914,1292,2,0,0
1769957236.332919,79,2,0,0
1769957236.332914,1292,2,0,0
1769957236.332914,1292,2,0,0
1769957236.332914,1292,2,0,0
1769957236.332914,1292,2,0,0
1769957236.332953,79,2,0,0
1769957236.333041,81,2,0,0
1769957236.333077,83,2,0,0
1769957236.333147,85,2,0,0
1769957236.333193,87,2,0,0
1769957236.333238,89,2,0,0
1769957236.333308,91,2,0,0
1769957236.33337,93,2,0,0
1769957236.334773,1292,2,0,0
1769957236.334773,1292,2,0,0
1769957236.334773,1292,2,0,0
1769957236.335199,93,2,0,0
1769957236.335269,93,2,0,0
1769957236.335299,93,2,0,0
1769957236.336758,1292,2,0,0
1769957236.336758,1292,2,0,0
1769957236.336758,1292,2,0,0
1769957236.336758,1292,2,0,0
1769957236.336962,1292,2,0,0
1769957236.336962,1292,2,0,0
1769957236.336962,1292,2,0,0
1769957236.336962,1292,2,0,0
1769957236.336962,1292,2,0,0
1769957236.337059,1292,2,0,0
1769957236.337059,1292,2,0,0
1769957236.337059,1292,2,0,0
1769957236.337059,1292,2,0,0
1769957236.337059,1292,2,0,0
1769957236.337291,95,2,0,0
1769957236.337359,1292,2,0,0
1769957236.337359,1292,2,0,0
1769957236.337359,1292,2,0,0
1769957236.337359,1292,2,0,0
1769957236.337359,1292,2,0,0
1769957236.337388,97,2,0,0
1769957236.337439,99,2,0,0
1769957236.337494,101,2,0,0
1769957236.33753,106,2,0,0
1769957236.337573,101,2,0,0
1769957236.337601,101,2,0,0
1769957236.3377,103,2,0,0
1769957236.337758,105,2,0,0
1769957236.337801,107,2,0,0
1769957236.337871,107,2,0,0
1769957236.337958,1292,2,0,0
1769957236.337958,1292,2,0,0
1769957236.337958,1292,2,0,0
1769957236.337958,1292,2,0,0
1769957236.337958,1292,2,0,0
1769957236.338097,1292,2,0,0
1769957236.338097,1292,2,0,0
1769957236.338097,1292,2,0,0
1769957236.338097,1292,2,0,0
1769957236.338097,1292,2,0,0
1769957236.338171,107,2,0,0
1769957236.338247,107,2,0,0
1769957236.338352,1292,2,0,0
1769957236.338352,1292,2,0,0
1769957236.338352,1292,2,0,0
1769957236.338352,1292,2,0,0
1769957236.338503,1292,2,0,0
1769957236.338503,1292,2,0,0
1769957236.338503,1292,2,0,0
1769957236.338503,1292,2,0,0
1769957236.338745,109,2,0,0
1769957236.338828,111,2,0,0
1769957236.338872,111,2,0,0
1769957236.338905,111,2,0,0
1769957236.338935,111,2,0,0
1769957236.338982,1292,2,0,0
1769957236.338982,1292,2,0,0
1769957236.338982,1292,2,0,0
1769957236.338982,1292,2,0,0
1769957236.339196,1292,2,0,0
1769957236.339196,1292,2,0,0
1769957236.339196,1292,2,0,0
1769957236.339196,1292,2,0,0
1769957236.339196,1292,2,0,0
1769957236.339406,111,2,0,0
1769957236.339416,1292,2,0,0
1769957236.339416,1292,2,0,0
1769957236.339416,1292,2,0,0
1769957236.339416,1292,2,0,0
1769957236.339549,1292,2,0,0
1769957236.339549,1292,2,0,0
1769957236.339549,1292,2,0,0
1769957236.339549,1292,2,0,0
1769957236.339756,1292,2,0,0
1769957236.339756,1292,2,0,0
1769957236.339756,1292,2,0,0
1769957236.339756,1292,2,0,0
1769957236.339756,1292,2,0,0
1769957236.339816,111,2,0,0
1769957236.340179,1292,2,0,0
1769957236.340179,1292,2,0,0
1769957236.340179,1292,2,0,0
1769957236.340179,1292,2,0,0
1769957236.340352,1292,2,0,0
1769957236.340352,1292,2,0,0
1769957236.340352,1292,2,0,0
1769957236.340352,1292,2,0,0
1769957236.340519,111,2,0,0
1769957236.340528,1292,2,0,0
1769957236.340528,1292,2,0,0
1769957236.340528,1292,2,0,0
1769957236.340528,1292,2,0,0
1769957236.340755,1292,2,0,0
1769957236.340755,1292,2,0,0
1769957236.340755,1292,2,0,0
1769957236.340755,1292,2,0,0
1769957236.340755,1292,2,0,0
1769957236.341042,111,2,0,0
1769957236.342714,1292,2,0,0
1769957236.342714,1292,2,0,0
1769957236.34352,1292,2,0,0
1769957236.34352,1292,2,0,0
1769957236.344005,1292,2,0,0
1769957236.344005,1292,2,0,0
1769957236.344005,1292,2,0,0
1769957236.344005,1292,2,0,0
1769957236.344005,1292,2,0,0
1769957236.344223,1292,2,0,0
1769957236.344223,1292,2,0,0
1769957236.344223,1292,2,0,0
1769957236.344223,1292,2,0,0
1769957236.344223,1292,2,0,0
1769957236.344223,1292,2,0,0
1769957236.344404,111,2,0,0
1769957236.344475,1292,2,0,0
1769957236.344475,1292,2,0,0
1769957236.344475,1292,2,0,0
1769957236.344475,1292,2,0,0
1769957236.344475,1292,2,0,0
1769957236.344475,1292,2,0,0
1769957236.344747,111,2,0,0
1769957236.346205,1292,2,0,0
1769957236.346205,1292,2,0,0
1769957236.346205,1292,2,0,0
1769957236.346205,1292,2,0,0
1769957236.346205,1292,2,0,0
1769957236.346359,1292,2,0,0
1769957236.346359,1292,2,0,0
1769957236.346359,1292,2,0,0
1769957236.346359,1292,2,0,0
1769957236.346359,1292,2,0,0
1769957236.346648,1292,2,0,0
1769957236.346648,1292,2,0,0
1769957236.346648,1292,2,0,0
1769957236.346669,117,2,0,0
1769957236.346648,1292,2,0,0
1769957236.346648,1292,2,0,0
1769957236.346869,1292,2,0,0
1769957236.346869,1292,2,0,0
1769957236.346869,1292,2,0,0
1769957236.346869,1292,2,0,0
1769957236.346869,1292,2,0,0
1769957236.346995,112,2,0,0
1769957236.348134,1292,2,0,0
1769957236.348134,1292,2,0,0
1769957236.348134,1292,2,0,0
1769957236.348134,1292,2,0,0
1769957236.348262,1292,2,0,0
1769957236.348262,1292,2,0,0
1769957236.348262,1292,2,0,0
1769957236.348262,1292,2,0,0
1769957236.348514,1292,2,0,0
1769957236.348514,1292,2,0,0
1769957236.348514,1292,2,0,0
1769957236.348514,1292,2,0,0
1769957236.348514,1292,2,0,0
1769957236.348669,112,2,0,0
1769957236.348825,1292,2,0,0
1769957236.348825,1292,2,0,0
1769957236.348825,1292,2,0,0
1769957236.348825,1292,2,0,0
1769957236.348825,1292,2,0,0
1769957236.348825,1292,2,0,0
1769957236.349263,112,2,0,0
1769957236.350068,1292,2,0,0
1769957236.350068,1292,2,0,0
1769957236.350068,1292,2,0,0
1769957236.350068,1292,2,0,0
1769957236.350068,1292,2,0,0
1769957236.350186,1292,2,0,0
1769957236.350186,1292,2,0,0
1769957236.350186,1292,2,0,0
1769957236.350186,1292,2,0,0
1769957236.350404,1292,2,0,0
1769957236.350404,1292,2,0,0
1769957236.350404,1292,2,0,0
1769957236.350404,1292,2,0,0
1769957236.350514,1292,2,0,0
1769957236.350514,1292,2,0,0
1769957236.350514,1292,2,0,0
1769957236.350514,1292,2,0,0
1769957236.350561,113,2,0,0
1769957236.350742,1292,2,0,0
1769957236.350742,1292,2,0,0
1769957236.350742,1292,2,0,0
1769957236.350742,1292,2,0,0
1769957236.351115,113,2,0,0
1769957236.351915,1292,2,0,0
1769957236.351915,1292,2,0,0
1769957236.351915,1292,2,0,0
1769957236.351915,1292,2,0,0
1769957236.351915,1292,2,0,0
1769957236.352051,1292,2,0,0
1769957236.352051,1292,2,0,0
1769957236.352051,1292,2,0,0
1769957236.352051,1292,2,0,0
1769957236.352256,1292,2,0,0
1769957236.352256,1292,2,0,0
1769957236.352256,1292,2,0,0
1769957236.352256,1292,2,0,0
1769957236.352299,113,2,0,0
1769957236.352421,1292,2,0,0
1769957236.352421,1292,2,0,0
1769957236.352421,1292,2,0,0
1769957236.352421,1292,2,0,0
1769957236.352421,1292,2,0,0
1769957236.352816,113,2,0,0
1769957236.354209,1292,2,0,0
1769957236.354209,1292,2,0,0
1769957236.354209,68,2,0,0
1769957236.354603,115,2,0,0
1769957236.35469,117,2,0,0
1769957236.400979,1292,2,0,0
1769957236.400979,1292,2,0,0
1769957236.400979,1292,2,0,0
1769957236.400979,1292,2,0,0
1769957236.401677,82,2,0,0
1769957236.401786,81,2,0,0
1769957236.40182,81,2,0,0
1769957236.401902,1292,2,0,0
1769957236.401902,1292,2,0,0
1769957236.401902,1292,2,0,0
1769957236.401902,1292,2,0,0
1769957236.403302,1292,2,0,0
1769957236.403302,1292,2,0,0
1769957236.403302,1292,2,0,0
1769957236.403302,1292,2,0,0
1769957236.403302,1292,2,0,0
1769957236.403302,1292,2,0,0
1769957236.403302,95,2,0,0
1769957236.403302,1292,2,0,0
1769957236.403853,81,2,0,0
1769957236.405798,1292,2,0,0
1769957236.405798,1292,2,0,0
1769957236.41233,1292,2,0,0
1769957236.41233,1292,2,0,0
1769957236.41233,1292,2,0,0
1769957236.41233,1292,2,0,0
1769957236.412847,81,2,0,0
1769957236.413152,1292,2,0,0
1769957236.413152,1292,2,0,0
1769957236.413152,1292,2,0,0
1769957236.413152,1292,2,0,0
1769957236.413982,1292,2,0,0
1769957236.413982,1292,2,0,0
1769957236.413982,1292,2,0,0
1769957236.413982,1292,2,0,0
1769957236.414526,81,2,0,0
1769957236.414744,1292,2,0,0
1769957236.414744,1292,2,0,0
1769957236.414744,1292,2,0,0
1769957236.414744,1292,2,0,0
1769957236.415493,1292,2,0,0
1769957236.415493,1292,2,0,0
1769957236.415493,1292,2,0,0
1769957236.415493,1292,2,0,0
1769957236.415493,1292,2,0,0
1769957236.415493,1292,2,0,0
1769957236.415493,1292,2,0,0
1769957236.415683,1292,2,0,0
1769957236.415683,1292,2,0,0
1769957236.415683,1292,2,0,0
1769957236.415683,1292,2,0,0
1769957236.415683,1292,2,0,0
1769957236.415812,1292,2,0,0
1769957236.415812,1292,2,0,0
1769957236.415812,1292,2,0,0
1769957236.415812,1292,2,0,0
1769957236.41588,81,2,0,0
1769957236.416038,81,2,0,0
1769957236.416114,1292,2,0,0
1769957236.416114,1292,2,0,0
1769957236.416114,1292,2,0,0
1769957236.416114,1292,2,0,0
1769957236.416114,1292,2,0,0
1769957236.417766,1292,2,0,0
1769957236.417766,1292,2,0,0
1769957236.417766,1292,2,0,0
1769957236.417766,1292,2,0,0
1769957236.417766,1292,2,0,0
1769957236.417862,1292,2,0,0
1769957236.417862,1292,2,0,0
1769957236.417862,1292,2,0,0
1769957236.417862,1292,2,0,0
1769957236.418139,1292,2,0,0
1769957236.418139,1292,2,0,0
1769957236.418139,1292,2,0,0
1769957236.418139,1292,2,0,0
1769957236.418139,1292,2,0,0
1769957236.418189,81,2,0,0
1769957236.418265,1292,2,0,0
1769957236.418265,1292,2,0,0
1769957236.418265,1292,2,0,0
1769957236.418265,1292,2,0,0
1769957236.418284,82,2,0,0
1769957236.419504,1292,2,0,0
1769957236.419504,1292,2,0,0
1769957236.419504,1292,2,0,0
1769957236.419504,1292,2,0,0
1769957236.419504,1292,2,0,0
1769957236.419504,1292,2,0,0
1769957236.419504,1292,2,0,0
1769957236.419504,1292,2,0,0
1769957236.419656,1292,2,0,0
1769957236.419656,1292,2,0,0
1769957236.419656,1292,2,0,0
1769957236.419656,1292,2,0,0
1769957236.419656,1292,2,0,0
1769957236.4199,87,2,0,0
1769957236.419912,1292,2,0,0
1769957236.419912,1292,2,0,0
1769957236.419912,1292,2,0,0
1769957236.419912,1292,2,0,0
1769957236.419912,1292,2,0,0
1769957236.420108,1292,2,0,0
1769957236.420108,1292,2,0,0
1769957236.420108,1292,2,0,0
1769957236.420108,1292,2,0,0
1769957236.420124,82,2,0,0
1769957236.420503,1292,2,0,0
1769957236.420503,1292,2,0,0
1769957236.420503,1292,2,0,0
1769957236.420503,1292,2,0,0
1769957236.420503,1292,2,0,0
1769957236.420669,1292,2,0,0
1769957236.420669,1292,2,0,0
1769957236.420669,1292,2,0,0
1769957236.420669,1292,2,0,0
1769957236.420807,1292,2,0,0
1769957236.420807,68,2,0,0
1769957236.420807,1292,2,0,0
1769957236.420807,1292,2,0,0
1769957236.420832,82,2,0,0
1769957236.421008,1292,2,0,0
1769957236.421008,1292,2,0,0
1769957236.421008,1292,2,0,0
1769957236.421008,1292,2,0,0
1769957236.421204,82,2,0,0
1769957236.423539,1292,2,0,0
1769957236.423539,1292,2,0,0
1769957236.423539,1292,2,0,0
1769957236.434773,83,2,0,0
